{"(0,1,2)":{"meta":{"(3,10,10)":{"fields":{"display_text":"Digistuff","font":"metro","formspec":"size[6,2]field[0.5,0.7;5.5,1;display_text;Text;${display_text}]button[1,1.2;2,1;font;Font]button_exit[3,1.2;2,1;ok;Write]","infotext":"\"Digistuff\""},"inventory":null},"(3,8,13)":{"fields":{"display_text":"About","infotext":"\"About\"\n(right-click to read more text)","text":"This section contains some\nexamples made with the digistuff mod\n\nGit: https://cheapiesystems.com/git/digistuff"},"inventory":null}},"timers":null},"(1,1,0)":{"meta":{"(13,8,13)":{"fields":{"display_text":"About","infotext":"\"About\"\n(right-click to read more text)","text":"This section is about the digibuilder mod\nA mod that allows you to build and read\nnodes from the environment\n\nGit: https://github.com/BuckarooBanzay/digibuilder"},"inventory":null}},"timers":null},"(2,1,0)":{"meta":{"(0,10,13)":{"fields":{"display_text":"Digibuilder","font":"metro","formspec":"size[6,2]field[0.5,0.7;5.5,1;display_text;Text;${display_text}]button[1,1.2;2,1;font;Font]button_exit[3,1.2;2,1;ok;Write]","infotext":"\"Digibuilder\""},"inventory":null}},"timers":null}}