{"(0,0,4)":{"meta":{"(10,13,9)":{"fields":{"display_text":"Switching station","infotext":"\"Switching station\"\n(right-click to read more text)","text":"The switching station is a mandatory component in a technic circuit.\n\nIt distributes the power from the producers to the consumers and manages the battery power."},"inventory":null},"(10,14,8)":{"fields":{"formspec":"field[channel;Channel;${channel}]","infotext":"\u001b(T@technic)\u001bF\u001b(T@technic)Switching Station\u001bE\u001bE. Supply:\u00a0\u001bF0\u00a0EU\u001bE Demand:\u00a0\u001bF0\u00a0EU\u001bE\u001bE"},"inventory":null},"(13,13,9)":{"fields":{"display_text":"Producer","infotext":"\"Producer\"\n(right-click to read more text)","text":"The node above is a LV Furnace\n\nIt produces energy from combustible materials, for example coal.\n\nFeel free to put some coal-blocks from the chest to the left into the furnace to produce power."},"inventory":null},"(13,14,8)":{"fields":{"LV_EU_supply":"0","burn_time":"0","formspec":"size[8, 9]label[0, 0;\u001b(T@technic)Fuel-Fired \u001bF\u001b(T@technic)LV\u001bE\u001bE Generator\u001bE]list[context;src;3, 1;1, 1;]image[4, 1;1, 1;default_furnace_fire_bg.png^[lowpart:0:default_furnace_fire_fg.png]list[current_player;main;0, 5;8, 4;]listring[]","infotext":"\u001b(T@technic)Fuel-Fired \u001bF\u001b(T@technic)LV\u001bE\u001bE Generator\u001bE (0%)","tube_time":"0"},"inventory":{"src":[""]}},"(14,13,8)":{"fields":{"formspec":"size[15,11.4]list[context;main;0,1;15,6;]list[current_player;main;3.5,7.6;8,4;]listring[context;main]listring[current_player;main]image[3.5,7.6;1,1;gui_hb_bg.png]image[4.5,7.6;1,1;gui_hb_bg.png]image[5.5,7.6;1,1;gui_hb_bg.png]image[6.5,7.6;1,1;gui_hb_bg.png]image[7.5,7.6;1,1;gui_hb_bg.png]image[8.5,7.6;1,1;gui_hb_bg.png]image[9.5,7.6;1,1;gui_hb_bg.png]image[10.5,7.6;1,1;gui_hb_bg.png]button[0.25,7.2;3,1;existing_to_chest;\u001b(T@technic_chests)Move existing to Chest\u001bE]label[0.35,8.35;\u001b(T@technic_chests)Move specific\u001bE:\n(\u001b(T@technic_chests)Drop to move\u001bE)]list[context;quickmove;2.05,8.35;1,1]button[0.25,9.5;3,1;all_to_chest;\u001b(T@technic_chests)Move all to Chest\u001bE]button[0.25,10.4;3,1;all_to_inv;\u001b(T@technic_chests)Move all to Inventory\u001bE]image_button[0,0.1;0.8,0.8;technic_pencil_icon.png;edit_infotext;]label[1,0;\u001b(T@technic_chests)\u001bF\u001b(T@technic_chests)Mithril\u001bE\u001bE Chest\u001bE]button[14,0;1,1;sort;\u001b(T@technic_chests)Sort\u001bE]button[12,0;2,1;sort_mode;\u001b(T@technic_chests)Sort by Item\u001bE]button[10,0;2,1;autosort;\u001b(T@technic_chests)Auto-sort is Off\u001bE]container[3.5,2.7]image_button[0,4.3;1,0.6;pipeworks_button_off.png;fs_helpers_cycling:1:splitstacks;;false;false;pipeworks_button_interm.png]label[0.9,4.31;\u001b(T@pipeworks)Allow splitting incoming stacks from tubes\u001bE]container_end[]field[12.05,7.7;3,1;channel;Digiline Channel:;]button[12.25,8.3;2,1;save_channel;Save Channel]checkbox[11.85,9;send_put;\u001b(T@technic_chests)Send player put messages\u001bE;false]checkbox[11.85,9.4;send_take;\u001b(T@technic_chests)Send player take messages\u001bE;false]checkbox[11.85,9.8;send_inject;\u001b(T@technic_chests)Send tube inject messages\u001bE;false]checkbox[11.85,10.2;send_pull;\u001b(T@technic_chests)Send tube pull messages\u001bE;false]checkbox[11.85,10.6;send_overflow;\u001b(T@technic_chests)Send overflow messages\u001bE;false]","infotext":"\u001b(T@technic_chests)\u001bF\u001b(T@technic_chests)Mithril\u001bE\u001bE Chest\u001bE"},"inventory":{"main":["default:coalblock 99","","","","","","","","","","","","","","","","","","","","","","","","","","","","","","","","","","","","","","","","","","","","","","","","","","","","","","","","","","","","","","","","","","","","","","","","","","","","","","","","","","","","","","","","",""],"quickmove":[""]}},"(3,13,14)":{"fields":{"display_text":"Insulator clips","infotext":"\"Insulator clips\"\n(right-click to read more text)","text":"Decorative cable-holders, can be colored"},"inventory":null},"(3,14,8)":{"fields":{"formspec":"size[15,11.4]list[context;main;0,1;15,6;]list[current_player;main;3.5,7.6;8,4;]listring[context;main]listring[current_player;main]image[3.5,7.6;1,1;gui_hb_bg.png]image[4.5,7.6;1,1;gui_hb_bg.png]image[5.5,7.6;1,1;gui_hb_bg.png]image[6.5,7.6;1,1;gui_hb_bg.png]image[7.5,7.6;1,1;gui_hb_bg.png]image[8.5,7.6;1,1;gui_hb_bg.png]image[9.5,7.6;1,1;gui_hb_bg.png]image[10.5,7.6;1,1;gui_hb_bg.png]button[0.25,7.2;3,1;existing_to_chest;\u001b(T@technic_chests)Move existing to Chest\u001bE]label[0.35,8.35;\u001b(T@technic_chests)Move specific\u001bE:\n(\u001b(T@technic_chests)Drop to move\u001bE)]list[context;quickmove;2.05,8.35;1,1]button[0.25,9.5;3,1;all_to_chest;\u001b(T@technic_chests)Move all to Chest\u001bE]button[0.25,10.4;3,1;all_to_inv;\u001b(T@technic_chests)Move all to Inventory\u001bE]image_button[0,0.1;0.8,0.8;technic_pencil_icon.png;edit_infotext;]label[1,0;\u001b(T@technic_chests)\u001bF\u001b(T@technic_chests)Mithril\u001bE\u001bE Chest\u001bE]button[14,0;1,1;sort;\u001b(T@technic_chests)Sort\u001bE]button[12,0;2,1;sort_mode;\u001b(T@technic_chests)Sort by Item\u001bE]button[10,0;2,1;autosort;\u001b(T@technic_chests)Auto-sort is Off\u001bE]container[3.5,2.7]image_button[0,4.3;1,0.6;pipeworks_button_off.png;fs_helpers_cycling:1:splitstacks;;false;false;pipeworks_button_interm.png]label[0.9,4.31;\u001b(T@pipeworks)Allow splitting incoming stacks from tubes\u001bE]container_end[]field[12.05,7.7;3,1;channel;Digiline Channel:;]button[12.25,8.3;2,1;save_channel;Save Channel]checkbox[11.85,9;send_put;\u001b(T@technic_chests)Send player put messages\u001bE;false]checkbox[11.85,9.4;send_take;\u001b(T@technic_chests)Send player take messages\u001bE;false]checkbox[11.85,9.8;send_inject;\u001b(T@technic_chests)Send tube inject messages\u001bE;false]checkbox[11.85,10.2;send_pull;\u001b(T@technic_chests)Send tube pull messages\u001bE;false]checkbox[11.85,10.6;send_overflow;\u001b(T@technic_chests)Send overflow messages\u001bE;false]","infotext":"\u001b(T@technic_chests)\u001bF\u001b(T@technic_chests)Mithril\u001bE\u001bE Chest\u001bE"},"inventory":{"main":["default:cobble 99","","","","","","","","","","","","","","","","","","","","","","","","","","","","","","","","","","","","","","","","","","","","","","","","","","","","","","","","","","","","","","","","","","","","","","","","","","","","","","","","","","","","","","","","",""],"quickmove":[""]}},"(4,13,9)":{"fields":{"display_text":"LV Furnace","infotext":"\"LV Furnace\"\n(right-click to read more text)","text":"Works like a regular furnace but uses power instead of combustible items.\n\nYou can test it with some cobble in the chest to the right.\n\nNOTE: this only works if you put the coal into the LV Generator on the start of this section to produce some energy."},"inventory":null},"(4,14,8)":{"fields":{"LV_EU_demand":"0","LV_EU_input":"0","formspec":"size[8,9;]list[context;src;3,1;1,1;]list[context;dst;5,1;2,2;]list[current_player;main;0,5;8,4;]label[0,0;\u001b(T@technic)\u001bF\u001b(T@technic)LV\u001bE\u001bE Furnace\u001bE]listring[context;dst]listring[current_player;main]listring[context;src]listring[current_player;main]","infotext":"\u001b(T@technic)\u001bF\u001b(T@technic)\u001bF\u001b(T@technic)LV\u001bE\u001bE Furnace\u001bE\u001bE Idle\u001bE","src_time":"0","tube_time":"0"},"inventory":{"dst":["","","",""],"dst_tmp":["default:stone 8","","",""],"src":[""],"upgrade1":[""],"upgrade2":[""]}},"(7,14,8)":{"fields":{"LV_EU_demand":"1000","LV_EU_input":"0","LV_EU_supply":"0","formspec":"size[8,9]image[1,1;1,2;technic_power_meter_bg.png]list[context;src;3,1;1,1;]image[4,1;1,1;technic_battery_reload.png]list[context;dst;5,1;1,1;]label[0,0;\u001b(T@technic)\u001bF\u001b(T@technic)LV\u001bE\u001bE Battery Box\u001bE]label[3,0;\u001b(T@technic)Charge\u001bE]label[5,0;\u001b(T@technic)Discharge\u001bE]label[1,3;\u001b(T@technic)Power level\u001bE]list[current_player;main;0,5;8,4;]listring[context;dst]listring[current_player;main]listring[context;src]listring[current_player;main]image[1,1;1,2;technic_power_meter_bg.png^[lowpart:0:technic_power_meter_fg.png]field[0.3,4;2.2,1;channel;Digiline channel;]button[2,3.7;1,1;setchannel;Set]","infotext":"\u001b(T@technic)\u001bF\u001b(T@technic)\u001bFLV\u001bE Battery Box: \u001bF0\u00a0EU\u001bE / \u001bF40\u00a0kEU\u001bE\u001bE\u001bE Idle\u001bE","internal_EU_charge":"0","internal_EU_charge_max":"40000","last_side_shown":"0"},"inventory":{"dst":[""],"src":[""],"upgrade1":[""],"upgrade2":[""]}},"(8,13,9)":{"fields":{"display_text":"LV Batteries","infotext":"\"LV Batteries\"\n(right-click to read more text)","text":"They store unused power for later use.\n\nThere are also two inventory slots available:\n\n* Charge: charges technic tools\n* Discharge: discharges technic tools and adds the energy to the battery"},"inventory":null},"(8,14,8)":{"fields":{"LV_EU_demand":"1000","LV_EU_input":"0","LV_EU_supply":"0","formspec":"size[8,9]image[1,1;1,2;technic_power_meter_bg.png]list[context;src;3,1;1,1;]image[4,1;1,1;technic_battery_reload.png]list[context;dst;5,1;1,1;]label[0,0;\u001b(T@technic)\u001bF\u001b(T@technic)LV\u001bE\u001bE Battery Box\u001bE]label[3,0;\u001b(T@technic)Charge\u001bE]label[5,0;\u001b(T@technic)Discharge\u001bE]label[1,3;\u001b(T@technic)Power level\u001bE]list[current_player;main;0,5;8,4;]listring[context;dst]listring[current_player;main]listring[context;src]listring[current_player;main]image[1,1;1,2;technic_power_meter_bg.png^[lowpart:4:technic_power_meter_fg.png]field[0.3,4;2.2,1;channel;Digiline channel;]button[2,3.7;1,1;setchannel;Set]","infotext":"\u001b(T@technic)\u001bF\u001b(T@technic)\u001bFLV\u001bE Battery Box: \u001bF0\u00a0EU\u001bE / \u001bF40\u00a0kEU\u001bE\u001bE\u001bE Idle\u001bE","internal_EU_charge":"0","internal_EU_charge_max":"40000","last_side_shown":"0"},"inventory":{"dst":[""],"src":[""],"upgrade1":[""],"upgrade2":[""]}}},"timers":{"(10,14,8)":{"elapsed":0.0,"timeout":1.0},"(7,14,8)":{"elapsed":0.0,"timeout":2.0},"(8,14,8)":{"elapsed":0.0,"timeout":2.0}}},"(1,0,4)":{"meta":{"(4,14,13)":{"fields":{"display_text":"Simple LV Circuit","infotext":"\"Simple LV Circuit\"\n(right-click to read more text)","text":"This example shows a simple LV (Low-Voltage) circuit and the components needed to biuld it.\n\nThere are also two other power-tiers:\n* MV Medium voltage\n* HV High voltage\n\nEvery tier has its own machines, batteries and cables"},"inventory":null}},"timers":null}}