{"(0,0,4)":{"meta":{"(10,14,8)":{"fields":{"formspec":"field[channel;Channel;${channel}]","infotext":"\u001b(T@technic)\u001bF\u001b(T@technic)Switching Station\u001bE\u001bE. Supply:\u00a0\u001bF0\u00a0EU\u001bE Demand:\u00a0\u001bF0\u00a0EU\u001bE\u001bE"},"inventory":null},"(13,14,8)":{"fields":{"LV_EU_supply":"0","burn_time":"0","formspec":"size[8, 9]label[0, 0;\u001b(T@technic)Fuel-Fired \u001bF\u001b(T@technic)LV\u001bE\u001bE Generator\u001bE]list[context;src;3, 1;1, 1;]image[4, 1;1, 1;default_furnace_fire_bg.png^[lowpart:0:default_furnace_fire_fg.png]list[current_player;main;0, 5;8, 4;]listring[]","infotext":"\u001b(T@technic)Fuel-Fired \u001bF\u001b(T@technic)LV\u001bE\u001bE Generator\u001bE (0%)","tube_time":"0"},"inventory":{"src":[""]}},"(14,13,8)":{"fields":{"formspec":"size[15,11.4]list[context;main;0,1;15,6;]list[current_player;main;3.5,7.6;8,4;]listring[context;main]listring[current_player;main]image[3.5,7.6;1,1;gui_hb_bg.png]image[4.5,7.6;1,1;gui_hb_bg.png]image[5.5,7.6;1,1;gui_hb_bg.png]image[6.5,7.6;1,1;gui_hb_bg.png]image[7.5,7.6;1,1;gui_hb_bg.png]image[8.5,7.6;1,1;gui_hb_bg.png]image[9.5,7.6;1,1;gui_hb_bg.png]image[10.5,7.6;1,1;gui_hb_bg.png]button[0.25,7.2;3,1;existing_to_chest;\u001b(T@technic_chests)Move existing to Chest\u001bE]label[0.35,8.35;\u001b(T@technic_chests)Move specific\u001bE:\n(\u001b(T@technic_chests)Drop to move\u001bE)]list[context;quickmove;2.05,8.35;1,1]button[0.25,9.5;3,1;all_to_chest;\u001b(T@technic_chests)Move all to Chest\u001bE]button[0.25,10.4;3,1;all_to_inv;\u001b(T@technic_chests)Move all to Inventory\u001bE]image_button[0,0.1;0.8,0.8;technic_pencil_icon.png;edit_infotext;]label[1,0;\u001b(T@technic_chests)\u001bF\u001b(T@technic_chests)Mithril\u001bE\u001bE Chest\u001bE]button[14,0;1,1;sort;\u001b(T@technic_chests)Sort\u001bE]button[12,0;2,1;sort_mode;\u001b(T@technic_chests)Sort by Item\u001bE]button[10,0;2,1;autosort;\u001b(T@technic_chests)Auto-sort is Off\u001bE]container[3.5,2.7]image_button[0,4.3;1,0.6;pipeworks_button_off.png;fs_helpers_cycling:1:splitstacks;;false;false;pipeworks_button_interm.png]label[0.9,4.31;\u001b(T@pipeworks)Allow splitting incoming stacks from tubes\u001bE]container_end[]field[12.05,7.7;3,1;channel;Digiline Channel:;]button[12.25,8.3;2,1;save_channel;Save Channel]checkbox[11.85,9;send_put;\u001b(T@technic_chests)Send player put messages\u001bE;false]checkbox[11.85,9.4;send_take;\u001b(T@technic_chests)Send player take messages\u001bE;false]checkbox[11.85,9.8;send_inject;\u001b(T@technic_chests)Send tube inject messages\u001bE;false]checkbox[11.85,10.2;send_pull;\u001b(T@technic_chests)Send tube pull messages\u001bE;false]checkbox[11.85,10.6;send_overflow;\u001b(T@technic_chests)Send overflow messages\u001bE;false]","infotext":"\u001b(T@technic_chests)\u001bF\u001b(T@technic_chests)Mithril\u001bE\u001bE Chest\u001bE"},"inventory":{"main":["default:coalblock 99","","","","","","","","","","","","","","","","","","","","","","","","","","","","","","","","","","","","","","","","","","","","","","","","","","","","","","","","","","","","","","","","","","","","","","","","","","","","","","","","","","","","","","","","",""],"quickmove":[""]}},"(4,14,8)":{"fields":{"LV_EU_demand":"0","LV_EU_input":"0","formspec":"size[8,9;]list[context;src;3,1;1,1;]list[context;dst;5,1;2,2;]list[current_player;main;0,5;8,4;]label[0,0;\u001b(T@technic)\u001bF\u001b(T@technic)LV\u001bE\u001bE Furnace\u001bE]listring[context;dst]listring[current_player;main]listring[context;src]listring[current_player;main]","infotext":"\u001b(T@technic)\u001bF\u001b(T@technic)\u001bF\u001b(T@technic)LV\u001bE\u001bE Furnace\u001bE\u001bE Idle\u001bE","src_time":"0","tube_time":"0"},"inventory":{"dst":["","","",""],"src":[""],"upgrade1":[""],"upgrade2":[""]}},"(7,14,8)":{"fields":{"LV_EU_demand":"1000","LV_EU_input":"0","LV_EU_supply":"1800","formspec":"size[8,9]image[1,1;1,2;technic_power_meter_bg.png]list[context;src;3,1;1,1;]image[4,1;1,1;technic_battery_reload.png]list[context;dst;5,1;1,1;]label[0,0;\u001b(T@technic)\u001bF\u001b(T@technic)LV\u001bE\u001bE Battery Box\u001bE]label[3,0;\u001b(T@technic)Charge\u001bE]label[5,0;\u001b(T@technic)Discharge\u001bE]label[1,3;\u001b(T@technic)Power level\u001bE]list[current_player;main;0,5;8,4;]listring[context;dst]listring[current_player;main]listring[context;src]listring[current_player;main]image[1,1;1,2;technic_power_meter_bg.png^[lowpart:0:technic_power_meter_fg.png]field[0.3,4;2.2,1;channel;Digiline channel;]button[2,3.7;1,1;setchannel;Set]","infotext":"\u001b(T@technic)\u001bF\u001b(T@technic)\u001bFLV\u001bE Battery Box: \u001bF1800\u00a0EU\u001bE / \u001bF40\u00a0kEU\u001bE\u001bE\u001bE Idle\u001bE","internal_EU_charge":"1800","internal_EU_charge_max":"40000","last_side_shown":"1"},"inventory":{"dst":[""],"src":[""],"upgrade1":[""],"upgrade2":[""]}},"(8,14,8)":{"fields":{"LV_EU_demand":"1000","LV_EU_input":"0","LV_EU_supply":"1800","formspec":"size[8,9]image[1,1;1,2;technic_power_meter_bg.png]list[context;src;3,1;1,1;]image[4,1;1,1;technic_battery_reload.png]list[context;dst;5,1;1,1;]label[0,0;\u001b(T@technic)\u001bF\u001b(T@technic)LV\u001bE\u001bE Battery Box\u001bE]label[3,0;\u001b(T@technic)Charge\u001bE]label[5,0;\u001b(T@technic)Discharge\u001bE]label[1,3;\u001b(T@technic)Power level\u001bE]list[current_player;main;0,5;8,4;]listring[context;dst]listring[current_player;main]listring[context;src]listring[current_player;main]image[1,1;1,2;technic_power_meter_bg.png^[lowpart:0:technic_power_meter_fg.png]field[0.3,4;2.2,1;channel;Digiline channel;]button[2,3.7;1,1;setchannel;Set]","infotext":"\u001b(T@technic)\u001bF\u001b(T@technic)\u001bFLV\u001bE Battery Box: \u001bF1800\u00a0EU\u001bE / \u001bF40\u00a0kEU\u001bE\u001bE\u001bE Idle\u001bE","internal_EU_charge":"1800","internal_EU_charge_max":"40000","last_side_shown":"1"},"inventory":{"dst":[""],"src":[""],"upgrade1":[""],"upgrade2":[""]}}},"timers":{"(10,14,8)":{"elapsed":0.0,"timeout":1.0},"(7,14,8)":{"elapsed":0.0,"timeout":2.0},"(8,14,8)":{"elapsed":0.0,"timeout":2.0}}}}