{"(0,0,4)":{"meta":{"(10,13,9)":{"fields":{"display_text":"Switching station","infotext":"\"Switching station\"\n(right-click to read more text)","text":"The switching station is a mandatory component in a technic circuit.\n\nIt distributes the power from the producers to the consumers and manages the battery power."},"inventory":null},"(10,14,8)":{"fields":{"formspec":"field[channel;Channel;${channel}]","infotext":"\u001b(T@technic)\u001bF\u001b(T@technic)Switching Station\u001bE\u001bE. Supply:\u00a0\u001bF0\u00a0EU\u001bE Demand:\u00a0\u001bF0\u00a0EU\u001bE\u001bE"},"inventory":null},"(13,13,9)":{"fields":{"display_text":"Producer","infotext":"\"Producer\"\n(right-click to read more text)","text":"The node above is a LV Furnace\n\nIt produces energy from combustible materials, for example coal.\n\nFeel free to put some coal-blocks from the chest to the left into the furnace to produce power."},"inventory":null},"(13,14,8)":{"fields":{"LV_EU_supply":"0","burn_time":"0","formspec":"size[8, 9]label[0, 0;\u001b(T@technic)Fuel-Fired \u001bF\u001b(T@technic)LV\u001bE\u001bE Generator\u001bE]list[context;src;3, 1;1, 1;]image[4, 1;1, 1;default_furnace_fire_bg.png^[lowpart:0:default_furnace_fire_fg.png]list[current_player;main;0, 5;8, 4;]listring[]","infotext":"\u001b(T@technic)Fuel-Fired \u001bF\u001b(T@technic)LV\u001bE\u001bE Generator\u001bE (0%)","tube_time":"0"},"inventory":{"src":[""]}},"(14,13,8)":{"fields":{"formspec":"size[15,11.4]list[context;main;0,1;15,6;]list[current_player;main;3.5,7.6;8,4;]listring[context;main]listring[current_player;main]image[3.5,7.6;1,1;gui_hb_bg.png]image[4.5,7.6;1,1;gui_hb_bg.png]image[5.5,7.6;1,1;gui_hb_bg.png]image[6.5,7.6;1,1;gui_hb_bg.png]image[7.5,7.6;1,1;gui_hb_bg.png]image[8.5,7.6;1,1;gui_hb_bg.png]image[9.5,7.6;1,1;gui_hb_bg.png]image[10.5,7.6;1,1;gui_hb_bg.png]button[0.25,7.2;3,1;existing_to_chest;\u001b(T@technic_chests)Move existing to Chest\u001bE]label[0.35,8.35;\u001b(T@technic_chests)Move specific\u001bE:\n(\u001b(T@technic_chests)Drop to move\u001bE)]list[context;quickmove;2.05,8.35;1,1]button[0.25,9.5;3,1;all_to_chest;\u001b(T@technic_chests)Move all to Chest\u001bE]button[0.25,10.4;3,1;all_to_inv;\u001b(T@technic_chests)Move all to Inventory\u001bE]image_button[0,0.1;0.8,0.8;technic_pencil_icon.png;edit_infotext;]label[1,0;\u001b(T@technic_chests)\u001bF\u001b(T@technic_chests)Mithril\u001bE\u001bE Chest\u001bE]button[14,0;1,1;sort;\u001b(T@technic_chests)Sort\u001bE]button[12,0;2,1;sort_mode;\u001b(T@technic_chests)Sort by Item\u001bE]button[10,0;2,1;autosort;\u001b(T@technic_chests)Auto-sort is Off\u001bE]container[3.5,2.7]image_button[0,4.3;1,0.6;pipeworks_button_off.png;fs_helpers_cycling:1:splitstacks;;false;false;pipeworks_button_interm.png]label[0.9,4.31;\u001b(T@pipeworks)Allow splitting incoming stacks from tubes\u001bE]container_end[]field[12.05,7.7;3,1;channel;Digiline Channel:;]button[12.25,8.3;2,1;save_channel;Save Channel]checkbox[11.85,9;send_put;\u001b(T@technic_chests)Send player put messages\u001bE;false]checkbox[11.85,9.4;send_take;\u001b(T@technic_chests)Send player take messages\u001bE;false]checkbox[11.85,9.8;send_inject;\u001b(T@technic_chests)Send tube inject messages\u001bE;false]checkbox[11.85,10.2;send_pull;\u001b(T@technic_chests)Send tube pull messages\u001bE;false]checkbox[11.85,10.6;send_overflow;\u001b(T@technic_chests)Send overflow messages\u001bE;false]","infotext":"\u001b(T@technic_chests)\u001bF\u001b(T@technic_chests)Mithril\u001bE\u001bE Chest\u001bE"},"inventory":{"main":["default:coalblock 99","","","","","","","","","","","","","","","","","","","","","","","","","","","","","","","","","","","","","","","","","","","","","","","","","","","","","","","","","","","","","","","","","","","","","","","","","","","","","","","","","","","","","","","","",""],"quickmove":[""]}},"(3,13,14)":{"fields":{"display_text":"Insulator clips","infotext":"\"Insulator clips\"\n(right-click to read more text)","text":"Decorative cable-holders, can be colored"},"inventory":null},"(3,14,8)":{"fields":{"formspec":"size[15,11.4]list[context;main;0,1;15,6;]list[current_player;main;3.5,7.6;8,4;]listring[context;main]listring[current_player;main]image[3.5,7.6;1,1;gui_hb_bg.png]image[4.5,7.6;1,1;gui_hb_bg.png]image[5.5,7.6;1,1;gui_hb_bg.png]image[6.5,7.6;1,1;gui_hb_bg.png]image[7.5,7.6;1,1;gui_hb_bg.png]image[8.5,7.6;1,1;gui_hb_bg.png]image[9.5,7.6;1,1;gui_hb_bg.png]image[10.5,7.6;1,1;gui_hb_bg.png]button[0.25,7.2;3,1;existing_to_chest;\u001b(T@technic_chests)Move existing to Chest\u001bE]label[0.35,8.35;\u001b(T@technic_chests)Move specific\u001bE:\n(\u001b(T@technic_chests)Drop to move\u001bE)]list[context;quickmove;2.05,8.35;1,1]button[0.25,9.5;3,1;all_to_chest;\u001b(T@technic_chests)Move all to Chest\u001bE]button[0.25,10.4;3,1;all_to_inv;\u001b(T@technic_chests)Move all to Inventory\u001bE]image_button[0,0.1;0.8,0.8;technic_pencil_icon.png;edit_infotext;]label[1,0;\u001b(T@technic_chests)\u001bF\u001b(T@technic_chests)Mithril\u001bE\u001bE Chest\u001bE]button[14,0;1,1;sort;\u001b(T@technic_chests)Sort\u001bE]button[12,0;2,1;sort_mode;\u001b(T@technic_chests)Sort by Item\u001bE]button[10,0;2,1;autosort;\u001b(T@technic_chests)Auto-sort is Off\u001bE]container[3.5,2.7]image_button[0,4.3;1,0.6;pipeworks_button_off.png;fs_helpers_cycling:1:splitstacks;;false;false;pipeworks_button_interm.png]label[0.9,4.31;\u001b(T@pipeworks)Allow splitting incoming stacks from tubes\u001bE]container_end[]field[12.05,7.7;3,1;channel;Digiline Channel:;]button[12.25,8.3;2,1;save_channel;Save Channel]checkbox[11.85,9;send_put;\u001b(T@technic_chests)Send player put messages\u001bE;false]checkbox[11.85,9.4;send_take;\u001b(T@technic_chests)Send player take messages\u001bE;false]checkbox[11.85,9.8;send_inject;\u001b(T@technic_chests)Send tube inject messages\u001bE;false]checkbox[11.85,10.2;send_pull;\u001b(T@technic_chests)Send tube pull messages\u001bE;false]checkbox[11.85,10.6;send_overflow;\u001b(T@technic_chests)Send overflow messages\u001bE;false]","infotext":"\u001b(T@technic_chests)\u001bF\u001b(T@technic_chests)Mithril\u001bE\u001bE Chest\u001bE"},"inventory":{"main":["default:cobble 99","","","","","","","","","","","","","","","","","","","","","","","","","","","","","","","","","","","","","","","","","","","","","","","","","","","","","","","","","","","","","","","","","","","","","","","","","","","","","","","","","","","","","","","","",""],"quickmove":[""]}},"(4,13,9)":{"fields":{"display_text":"LV Furnace","infotext":"\"LV Furnace\"\n(right-click to read more text)","text":"Works like a regular furnace but uses power instead of combustible items.\n\nYou can test it with some cobble in the chest to the right.\n\nNOTE: this only works if you put the coal into the LV Generator on the start of this section to produce some energy."},"inventory":null},"(4,14,8)":{"fields":{"LV_EU_demand":"0","LV_EU_input":"0","formspec":"size[8,9;]list[context;src;3,1;1,1;]list[context;dst;5,1;2,2;]list[current_player;main;0,5;8,4;]label[0,0;\u001b(T@technic)\u001bF\u001b(T@technic)LV\u001bE\u001bE Furnace\u001bE]listring[context;dst]listring[current_player;main]listring[context;src]listring[current_player;main]","infotext":"\u001b(T@technic)\u001bF\u001b(T@technic)\u001bF\u001b(T@technic)LV\u001bE\u001bE Furnace\u001bE\u001bE Idle\u001bE","src_time":"0","tube_time":"0"},"inventory":{"dst":["","","",""],"dst_tmp":["default:stone 8","","",""],"src":[""],"upgrade1":[""],"upgrade2":[""]}},"(7,14,8)":{"fields":{"LV_EU_demand":"1000","LV_EU_input":"0","LV_EU_supply":"0","formspec":"size[8,9]image[1,1;1,2;technic_power_meter_bg.png]list[context;src;3,1;1,1;]image[4,1;1,1;technic_battery_reload.png]list[context;dst;5,1;1,1;]label[0,0;\u001b(T@technic)\u001bF\u001b(T@technic)LV\u001bE\u001bE Battery Box\u001bE]label[3,0;\u001b(T@technic)Charge\u001bE]label[5,0;\u001b(T@technic)Discharge\u001bE]label[1,3;\u001b(T@technic)Power level\u001bE]list[current_player;main;0,5;8,4;]listring[context;dst]listring[current_player;main]listring[context;src]listring[current_player;main]image[1,1;1,2;technic_power_meter_bg.png^[lowpart:0:technic_power_meter_fg.png]field[0.3,4;2.2,1;channel;Digiline channel;]button[2,3.7;1,1;setchannel;Set]","infotext":"\u001b(T@technic)\u001bF\u001b(T@technic)\u001bFLV\u001bE Battery Box: \u001bF0\u00a0EU\u001bE / \u001bF40\u00a0kEU\u001bE\u001bE\u001bE Idle\u001bE","internal_EU_charge":"0","internal_EU_charge_max":"40000","last_side_shown":"0"},"inventory":{"dst":[""],"src":[""],"upgrade1":[""],"upgrade2":[""]}},"(8,13,9)":{"fields":{"display_text":"LV Batteries","infotext":"\"LV Batteries\"\n(right-click to read more text)","text":"They store unused power for later use.\n\nThere are also two inventory slots available:\n\n* Charge: charges technic tools\n* Discharge: discharges technic tools and adds the energy to the battery"},"inventory":null},"(8,14,8)":{"fields":{"LV_EU_demand":"1000","LV_EU_input":"0","LV_EU_supply":"0","formspec":"size[8,9]image[1,1;1,2;technic_power_meter_bg.png]list[context;src;3,1;1,1;]image[4,1;1,1;technic_battery_reload.png]list[context;dst;5,1;1,1;]label[0,0;\u001b(T@technic)\u001bF\u001b(T@technic)LV\u001bE\u001bE Battery Box\u001bE]label[3,0;\u001b(T@technic)Charge\u001bE]label[5,0;\u001b(T@technic)Discharge\u001bE]label[1,3;\u001b(T@technic)Power level\u001bE]list[current_player;main;0,5;8,4;]listring[context;dst]listring[current_player;main]listring[context;src]listring[current_player;main]image[1,1;1,2;technic_power_meter_bg.png^[lowpart:4:technic_power_meter_fg.png]field[0.3,4;2.2,1;channel;Digiline channel;]button[2,3.7;1,1;setchannel;Set]","infotext":"\u001b(T@technic)\u001bF\u001b(T@technic)\u001bFLV\u001bE Battery Box: \u001bF0\u00a0EU\u001bE / \u001bF40\u00a0kEU\u001bE\u001bE\u001bE Idle\u001bE","internal_EU_charge":"0","internal_EU_charge_max":"40000","last_side_shown":"0"},"inventory":{"dst":[""],"src":[""],"upgrade1":[""],"upgrade2":[""]}}},"timers":{"(10,14,8)":{"elapsed":0.0,"timeout":1.0},"(7,14,8)":{"elapsed":0.0,"timeout":2.0},"(8,14,8)":{"elapsed":0.0,"timeout":2.0}}},"(1,0,3)":{"meta":{"(13,14,4)":{"fields":{"display_text":"Power","infotext":"\"Power\"\n(right-click to read more text)","text":"A single nuclear reactor produces constant 100kEU over a period of about a week (realworld time) and consumes 6 uranium rods."},"inventory":null},"(13,15,3)":{"fields":{"formspec":"field[channel;\u001b(T@technic)Digiline Channel\u001bE;${channel}]","infotext":"\u001b(T@technic)\u001bF\u001b(T@technic)Switching Station\u001bE\u001bE. Supply:\u00a0\u001bF100\u00a0kEU\u001bE Demand:\u00a0\u001bF0\u00a0EU\u001bE\u001bE"},"inventory":null},"(14,14,13)":{"fields":{"display_text":"Inner layers","infotext":"\"Inner layers\"\n(right-click to read more text)","text":"Mandatory structure:\n\nThe innermost layer consists of a hollow cube with 5x5x5 nodes of lead\n\nThe layer after that is 7x7x7 blast resistant concrete\n\nThere can be a total of 2 holes through the layers\n\nWarning: if there id damage to the layers after a reactor-start there will be a violent meltdown!\n\nIn case of a meltdown corium is produced at the core and will eat its way downward through the layer and other materials in its way."},"inventory":null},"(14,15,14)":{"fields":{"formspec":"size[8,9]label[0,0;\u001b(T@technic)Nuclear Reactor Rod Compartment\u001bE]list[context;src;2,1;3,2;]list[current_player;main;0,5;8,4;]listring[]button[5.5,1.5;2,1;start;\u001b(T@technic)Start\u001bE]checkbox[5.5,2.5;autostart;\u001b(T@technic)Automatic Start\u001bE;]checkbox[0.5,2.8;enable_digiline;Enable Digiline;]","infotext":"\u001b(T@technic)\u001bF\u001b(T@technic)\u001bF\u001b(T@technic)HV\u001bE\u001bE Nuclear Reactor Core\u001bE\u001bE Has No Network\u001bE"},"inventory":{"src":["","","","","",""]}},"(15,13,12)":{"fields":{"display_text":"Hydro setup","infotext":"\"Hydro setup\"\n(right-click to read more text)","text":"This is a 100% efficiency hydro-setup\n\nThe water flows on all 4 cardinal directions around the generator"},"inventory":null},"(8,14,9)":{"fields":{"display_text":"HV Reactor","infotext":"\"HV Reactor\"\n(right-click to read more text)","text":"Shows how a nuclear reactor is built and how to query infos through the shielding with a digiline HV-Cable"},"inventory":null}},"timers":{"(13,15,3)":{"elapsed":0.0,"timeout":1.0}}},"(1,0,4)":{"meta":{"(15,13,7)":{"fields":{"formspec":"size[15,11.4]list[context;main;0,1;15,6;]list[current_player;main;3.5,7.6;8,4;]listring[context;main]listring[current_player;main]image[3.5,7.6;1,1;gui_hb_bg.png]image[4.5,7.6;1,1;gui_hb_bg.png]image[5.5,7.6;1,1;gui_hb_bg.png]image[6.5,7.6;1,1;gui_hb_bg.png]image[7.5,7.6;1,1;gui_hb_bg.png]image[8.5,7.6;1,1;gui_hb_bg.png]image[9.5,7.6;1,1;gui_hb_bg.png]image[10.5,7.6;1,1;gui_hb_bg.png]button[0.25,7.2;3,1;existing_to_chest;\u001b(T@technic_chests)Move existing to Chest\u001bE]label[0.35,8.35;\u001b(T@technic_chests)Move specific\u001bE:\n(\u001b(T@technic_chests)Drop to move\u001bE)]list[context;quickmove;2.05,8.35;1,1]button[0.25,9.5;3,1;all_to_chest;\u001b(T@technic_chests)Move all to Chest\u001bE]button[0.25,10.4;3,1;all_to_inv;\u001b(T@technic_chests)Move all to Inventory\u001bE]image_button[0,0.1;0.8,0.8;technic_pencil_icon.png;edit_infotext;]label[1,0;\u001b(T@technic_chests)\u001bF\u001b(T@technic_chests)Mithril\u001bE\u001bE Chest\u001bE]button[14,0;1,1;sort;\u001b(T@technic_chests)Sort\u001bE]button[12,0;2,1;sort_mode;\u001b(T@technic_chests)Sort by Item\u001bE]button[10,0;2,1;autosort;\u001b(T@technic_chests)Auto-sort is Off\u001bE]container[3.5,2.7]image_button[0,4.3;1,0.6;pipeworks_button_off.png;fs_helpers_cycling:1:splitstacks;;false;false;pipeworks_button_interm.png]label[0.9,4.31;\u001b(T@pipeworks)Allow splitting incoming stacks from tubes\u001bE]container_end[]field[12.05,7.7;3,1;channel;Digiline Channel:;]button[12.25,8.3;2,1;save_channel;Save Channel]checkbox[11.85,9;send_put;\u001b(T@technic_chests)Send player put messages\u001bE;false]checkbox[11.85,9.4;send_take;\u001b(T@technic_chests)Send player take messages\u001bE;false]checkbox[11.85,9.8;send_inject;\u001b(T@technic_chests)Send tube inject messages\u001bE;false]checkbox[11.85,10.2;send_pull;\u001b(T@technic_chests)Send tube pull messages\u001bE;false]checkbox[11.85,10.6;send_overflow;\u001b(T@technic_chests)Send overflow messages\u001bE;false]","infotext":"\u001b(T@technic_chests)\u001bF\u001b(T@technic_chests)Mithril\u001bE\u001bE Chest\u001bE"},"inventory":{"main":["default:cobble 99","default:cobble 99","default:cobble 99","default:cobble 99","","","","","","","","","","","","","","","","","","","","","","","","","","","","","","","","","","","","","","","","","","","","","","","","","","","","","","","","","","","","","","","","","","","","","","","","","","","","","","","","","","","","","",""],"quickmove":[""]}},"(4,14,13)":{"fields":{"display_text":"Simple LV Circuit","infotext":"\"Simple LV Circuit\"\n(right-click to read more text)","text":"This example shows a simple LV (Low-Voltage) circuit and the components needed to biuld it.\n\nThere are also two other power-tiers:\n* MV Medium voltage\n* HV High voltage\n\nEvery tier has its own machines, batteries and cables"},"inventory":null},"(8,14,13)":{"fields":{"display_text":"MV / Digilines","infotext":"\"MV / Digilines\"\n(right-click to read more text)","text":"This example shows a MV Hydro generator and various digiline/lcd info displays"},"inventory":null}},"timers":null},"(2,0,3)":{"meta":{"(0,13,4)":{"fields":{"display_text":"Digiline info","infotext":"\"Digiline info\"\n(right-click to read more text)","text":"Above is an example how to query a reactor and display its current fuel-status.\n\nNote: The fuel-status is for the current cycle and does not take into account additionally placed rods in the reactor inventory."},"inventory":null},"(0,14,4)":{"fields":{"channel":"lcd","formspec":"field[channel;Channel;${channel}]","infotext":"Fuel used\n0.212%","text":"Fuel used\n0.212%"},"inventory":null},"(0,15,3)":{"fields":{"code":"if event.type == \"program\" then\n interrupt(0)\nend\n\nif event.type == \"interrupt\" then\n -- query reactor\n digiline_send(\"reactor\", { command = \"get\"})\n interrupt(1)\nend\n\nif event.type == \"digiline\" and event.channel == \"reactor\" then\n -- total burn time\n local burn_ticks = 7 * 24 * 60 * 60  -- Seconds\n -- calculate percentage\n local percent = event.msg.burn_time / burn_ticks * 100\n -- round down to 1/1000th\n percent = math.floor(percent * 1000) / 1000\n -- display in lcd\n digiline_send(\"lcd\", \"Fuel used\\n\" .. percent .. \"%\")\nend","formspec":"formspec_version[4]size[15,12]style_type[label,textarea,field;font=mono]style_type[textarea;textcolor=#ffffff]background[0,0;15,12;jeija_luac_background.png]tabheader[0,0;tab;Code,Terminal,Help,Examples;1]image_button_exit[14.5,0;0.425,0.4;jeija_close_window.png;exit;]label[0.1,10;]textarea[0.25,0.6;14.5,9.05;code;;if event.type == \"program\" then\n interrupt(0)\nend\n\nif event.type == \"interrupt\" then\n -- query reactor\n digiline_send(\"reactor\"\\, { command = \"get\"})\n interrupt(1)\nend\n\nif event.type == \"digiline\" and event.channel == \"reactor\" then\n -- total burn time\n local burn_ticks = 7 * 24 * 60 * 60  -- Seconds\n -- calculate percentage\n local percent = event.msg.burn_time / burn_ticks * 100\n -- round down to 1/1000th\n percent = math.floor(percent * 1000) / 1000\n -- display in lcd\n digiline_send(\"lcd\"\\, \"Fuel used\\\\n\" .. percent .. \"%\")\nend]image_button[6.25,10.25;2.5,1;jeija_luac_runbutton.png;program;]","lc_memory":"return {}","luac_id":"10160","real_portstates":"1","tab":"1"},"inventory":null},"(1,14,13)":{"fields":{"display_text":"Outer layers","infotext":"\"Outer layers\"\n(right-click to read more text)","text":"The outer layers are optional and only serve a shielding purpose.\n\nAn effective shield-material is either gold or lead, other materials work too but may require multiple layers."},"inventory":null},"(2,13,12)":{"fields":{"display_text":"On/Off switch","infotext":"\"On/Off switch\"\n(right-click to read more text)","text":"This is an example of a mesecons-actuated power-switch.\n\nIt moves a node out of the cable and cuts the connection."},"inventory":null},"(4,13,13)":{"fields":{"owner":"singleplayer"},"inventory":null},"(7,13,4)":{"fields":{"display_text":"Battery info","infotext":"\"Battery info\"\n(right-click to read more text)","text":"Retrieves infos about the charge of the battery"},"inventory":null},"(9,13,12)":{"fields":{"display_text":"Switch info","infotext":"\"Switch info\"\n(right-click to read more text)","text":"This shows how to use a luacontroller to extract supply, demand and lag infos from a switching station"},"inventory":null},"(9,13,7)":{"fields":{"display_text":"Monitor info","infotext":"\"Monitor info\"\n(right-click to read more text)","text":"Same as the exhibit to the left but with a monitor node"},"inventory":null}},"timers":null},"(2,0,4)":{"meta":{"(0,13,8)":{"fields":{"display_text":"Consumer","infotext":"\"Consumer\"\n(right-click to read more text)","text":"Put cobble into the furnace to drain power from the circuit"},"inventory":null},"(0,14,7)":{"fields":{"MV_EU_demand":"0","MV_EU_input":"0","formspec":"size[8,9;]list[context;src;3,1;1,1;]list[context;dst;5,1;2,2;]list[current_player;main;0,5;8,4;]label[0,0;\u001b(T@technic)\u001bF\u001b(T@technic)MV\u001bE\u001bE Furnace\u001bE]listring[context;dst]listring[current_player;main]listring[context;src]listring[current_player;main]list[context;upgrade1;1,3;1,1;]list[context;upgrade2;2,3;1,1;]label[1,4;\u001b(T@technic)Upgrade Slots\u001bE]listring[context;upgrade1]listring[current_player;main]listring[context;upgrade2]listring[current_player;main]image_button[0,4.3;1,0.6;pipeworks_button_off.png;fs_helpers_cycling:1:splitstacks;;false;false;pipeworks_button_interm.png]label[0.9,4.31;\u001b(T@pipeworks)Allow splitting incoming stacks from tubes\u001bE]","infotext":"\u001b(T@technic)\u001bF\u001b(T@technic)\u001bF\u001b(T@technic)MV\u001bE\u001bE Furnace\u001bE\u001bE Idle\u001bE","src_time":"0","tube_time":"0"},"inventory":{"dst":["","","",""],"dst_tmp":["default:stone 14","","",""],"src":[""],"upgrade1":[""],"upgrade2":[""]}},"(10,14,11)":{"fields":{"code":"-- initialize\nif event.type == \"program\" then\n interrupt(0)\nend\n\n-- Send GET request to monitor\nif event.type == \"interrupt\" then\n digiline_send(\"monitor\", \"GET\")\n -- restart interrupt loop\n interrupt(1)\nend\n\n-- handle digiline response\nif event.type == \"digiline\" and event.channel == \"monitor\" then\n local txt = \"Demand: \" .. event.msg.demand .. \"\\n\" ..\n  \"Supply: \" .. event.msg.supply .. \"\\n\" ..\n  \"Lag: \" .. event.msg.lag .. \"us\"\n digiline_send(\"lcd\", txt)\nend","formspec":"formspec_version[4]size[15,12]style_type[label,textarea,field;font=mono]style_type[textarea;textcolor=#ffffff]background[0,0;15,12;jeija_luac_background.png]tabheader[0,0;tab;Code,Terminal,Help,Examples;1]image_button_exit[14.5,0;0.425,0.4;jeija_close_window.png;exit;]label[0.1,10;]textarea[0.25,0.6;14.5,9.05;code;;-- initialize\nif event.type == \"program\" then\n interrupt(0)\nend\n\n-- Send GET request to monitor\nif event.type == \"interrupt\" then\n digiline_send(\"monitor\"\\, \"GET\")\n -- restart interrupt loop\n interrupt(1)\nend\n\n-- handle digiline response\nif event.type == \"digiline\" and event.channel == \"monitor\" then\n local txt = \"Demand: \" .. event.msg.demand .. \"\\\\n\" ..\n  \"Supply: \" .. event.msg.supply .. \"\\\\n\" ..\n  \"Lag: \" .. event.msg.lag .. \"us\"\n digiline_send(\"lcd\"\\, txt)\nend]image_button[6.25,10.25;2.5,1;jeija_luac_runbutton.png;program;]","lc_memory":"return {}","luac_id":"56501","real_portstates":"1","tab":"1"},"inventory":null},"(10,14,12)":{"fields":{"channel":"monitor","formspec":"field[channel;Channel;${channel}]","infotext":"\u001b(T@technic)Power Monitor. Supply: \u001bF1800\u00a0EU\u001bE Demand: \u001bF0\u00a0EU\u001bE\u001bE"},"inventory":null},"(3,13,9)":{"fields":{"display_text":"Power monitor","infotext":"\"Power monitor\"\n(right-click to read more text)","text":"Useful to check on the power usage on a remote part of the circuit."},"inventory":null},"(6,14,8)":{"fields":{"channel":"lcd","formspec":"field[channel;Channel;${channel}]","infotext":"Charge: 200kEU","text":"Charge: 200kEU"},"inventory":null},"(7,13,8)":{"fields":{"display_text":"Battery info","infotext":"\"Battery info\"\n(right-click to read more text)","text":"Retrieves infos about the charge of the battery"},"inventory":null},"(7,14,7)":{"fields":{"code":"-- initialize\nif event.type == \"program\" then\n interrupt(0)\nend\n\n-- Send GET request to battery\nif event.type == \"interrupt\" then\n digiline_send(\"bat\", \"GET\")\n -- restart interrupt loop\n interrupt(1)\nend\n\n-- handle digiline response\nif event.type == \"digiline\" and event.channel == \"bat\" then\n local txt = \"Charge: \" .. (event.msg.charge / 1000) .. \"kEU\"\n digiline_send(\"lcd\", txt)\nend","formspec":"formspec_version[4]size[15,12]style_type[label,textarea,field;font=mono]style_type[textarea;textcolor=#ffffff]background[0,0;15,12;jeija_luac_background.png]tabheader[0,0;tab;Code,Terminal,Help,Examples;1]image_button_exit[14.5,0;0.425,0.4;jeija_close_window.png;exit;]label[0.1,10;]textarea[0.25,0.6;14.5,9.05;code;;-- initialize\nif event.type == \"program\" then\n interrupt(0)\nend\n\n-- Send GET request to battery\nif event.type == \"interrupt\" then\n digiline_send(\"bat\"\\, \"GET\")\n -- restart interrupt loop\n interrupt(1)\nend\n\n-- handle digiline response\nif event.type == \"digiline\" and event.channel == \"bat\" then\n local txt = \"Charge: \" .. (event.msg.charge / 1000) .. \"kEU\"\n digiline_send(\"lcd\"\\, txt)\nend]image_button[6.25,10.25;2.5,1;jeija_luac_runbutton.png;program;]","lc_memory":"return {}","luac_id":"58161","real_portstates":"1","tab":"1"},"inventory":null},"(8,13,9)":{"fields":{"display_text":"Insulator clips 2","infotext":"\"Insulator clips 2\"\n(right-click to read more text)","text":"same as the one to the left but with another model"},"inventory":null},"(8,14,7)":{"fields":{"MV_EU_demand":"0","MV_EU_input":"0","MV_EU_supply":"80000","channel":"bat","formspec":"size[8,9]image[1,1;1,2;technic_power_meter_bg.png]list[context;src;3,1;1,1;]image[4,1;1,1;technic_battery_reload.png]list[context;dst;5,1;1,1;]label[0,0;\u001b(T@technic)\u001bF\u001b(T@technic)MV\u001bE\u001bE Battery Box\u001bE]label[3,0;\u001b(T@technic)Charge\u001bE]label[5,0;\u001b(T@technic)Discharge\u001bE]label[1,3;\u001b(T@technic)Power level\u001bE]list[current_player;main;0,5;8,4;]listring[context;dst]listring[current_player;main]listring[context;src]listring[current_player;main]list[context;upgrade1;3.5,3;1,1;]list[context;upgrade2;4.5,3;1,1;]label[3.5,4;\u001b(T@technic)Upgrade Slots\u001bE]listring[context;upgrade1]listring[current_player;main]listring[context;upgrade2]listring[current_player;main]image[1,1;1,2;technic_power_meter_bg.png^[lowpart:100:technic_power_meter_fg.png]field[0.3,4;2.2,1;channel;Digiline channel;bat]button[2,3.7;1,1;setchannel;Set]","infotext":"\u001b(T@technic)\u001bF\u001b(T@technic)\u001bFMV\u001bE Battery Box: \u001bF200\u00a0kEU\u001bE / \u001bF200\u00a0kEU\u001bE\u001bE\u001bE Idle\u001bE","internal_EU_charge":"200000","internal_EU_charge_max":"200000","last_side_shown":"8"},"inventory":{"dst":[""],"src":[""],"upgrade1":[""],"upgrade2":[""]}},"(9,13,11)":{"fields":{"display_text":"Monitor info","infotext":"\"Monitor info\"\n(right-click to read more text)","text":"Same as the exhibit to the left but with a monitor node"},"inventory":null},"(9,13,12)":{"fields":{"display_text":"Insulator clips","infotext":"\"Insulator clips\"\n(right-click to read more text)","text":"Decorative cable-holders, can be colored"},"inventory":null},"(9,14,10)":{"fields":{"channel":"lcd","formspec":"field[channel;Channel;${channel}]","infotext":"Demand: 0\nSupply: 1800\nLag: 264.8us","text":"Demand: 0\nSupply: 1800\nLag: 264.8us"},"inventory":null},"(9,14,15)":{"fields":{"channel":"lcd","formspec":"field[channel;Channel;${channel}]","infotext":"Demand: 0\nSupply: 1800\nLag: 192us","text":"Demand: 0\nSupply: 1800\nLag: 192us"},"inventory":null}},"timers":{"(8,14,7)":{"elapsed":0.0,"timeout":2.0}}},"(2,1,3)":{"meta":{"(5,3,9)":{"fields":{"HV_EU_supply":"100000","burn_time":"1288","channel":"reactor","enable_digiline":"true","formspec":"size[8,9]label[0,0;\u001b(T@technic)Nuclear Reactor Rod Compartment\u001bE]list[context;src;2,1;3,2;]list[current_player;main;0,5;8,4;]listring[]button[5.5,1.5;2,1;start;\u001b(T@technic)Start\u001bE]checkbox[5.5,2.5;autostart;\u001b(T@technic)Automatic Start\u001bE;]checkbox[0.5,2.8;enable_digiline;Enable Digiline;true]button_exit[4.6,3.69;2,1;save;\u001b(T@technic)Save\u001bE]field[1,4;4,1;channel;\u001b(T@technic)Digiline Channel\u001bE;${channel}]","infotext":"\u001b(T@technic)\u001bF\u001b(T@technic)\u001bF\u001b(T@technic)HV\u001bE\u001bE Nuclear Reactor Core\u001bE\u001bE (\u001bF0\u001bE% Fuel Used)\u001bE","remote_channel":"reactor","structure_accumulated_badness":"0"},"inventory":{"src":["technic:uranium_fuel 98","technic:uranium_fuel 98","technic:uranium_fuel 98","technic:uranium_fuel 98","technic:uranium_fuel 98","technic:uranium_fuel 98"]}},"(5,7,9)":{"fields":{"infotext":"\u001b(T@doors)Steel Trapdoor\u001bE\n\u001b(T@doors)Owned by \u001bFsingleplayer\u001bE\u001bE","owner":"singleplayer"},"inventory":null}},"timers":null}}