{"(0,2,2)":{"meta":{"(10,1,11)":{"fields":{"formspec":"field[text;;${text}]","infotext":"\"8\"","text":"8"},"inventory":null},"(10,1,14)":{"fields":{"code":"-- Digiline Decoder\n-- Reads an 8 bit binary number (signed or unsigned) from the bus, and converts it to decimal notation\r-- by So.Po.Coder for Minetest Mesecons Lua Controller\r-- B: Digiline Out 1, C: Input 2, D: Input 1\r\rif (event.type == \"program\") then\r  mem.decoder = 3\rend\n\n-- insert this decoders inputs to the table/array then pass on to the next decoder in sequence\rif (event.type == \"digiline\" and event.channel == \"decoder\" .. mem.decoder) then\r  bus = event.msg\r  table.insert(bus, pin.d and 1 or 0)\n  table.insert(bus, pin.c and 1 or 0)\r  digiline_send(\"decoder\" .. tonumber(mem.decoder + 1), bus) -- send to the next decoder\rend","formspec":"size[12,10]background[-0.2,-0.25;12.4,10.75;jeija_luac_background.png]label[0.1,8.3;]textarea[0.2,0.2;12.2,9.5;code;;-- Digiline Decoder\n-- Reads an 8 bit binary number (signed or unsigned) from the bus\\, and converts it to decimal notation\r-- by So.Po.Coder for Minetest Mesecons Lua Controller\r-- B: Digiline Out 1\\, C: Input 2\\, D: Input 1\r\rif (event.type == \"program\") then\r  mem.decoder = 3\rend\n\n-- insert this decoders inputs to the table/array then pass on to the next decoder in sequence\rif (event.type == \"digiline\" and event.channel == \"decoder\" .. mem.decoder) then\r  bus = event.msg\r  table.insert(bus\\, pin.d and 1 or 0)\n  table.insert(bus\\, pin.c and 1 or 0)\r  digiline_send(\"decoder\" .. tonumber(mem.decoder + 1)\\, bus) -- send to the next decoder\rend]image_button[4.75,8.75;2.5,1;jeija_luac_runbutton.png;program;]image_button_exit[11.72,-0.25;0.425,0.4;jeija_close_window.png;exit;]","lc_memory":"return {[\"b\"] = false, [\"d\"] = false, [\"decoder\"] = 3, [\"a\"] = false, [\"c\"] = false}","luac_id":"57673","real_portstates":"13"},"inventory":null},"(10,2,3)":{"fields":{"display_text":"License","infotext":"\"License\"\n(right-click to read more text)","text":"CC BY SA 4.0\n\nBuilt by So.Po.Coder\nhttps://forum.minetest.net/viewtopic.php?f=12&t=24034"},"inventory":null},"(11,1,11)":{"fields":{"formspec":"field[text;;${text}]","infotext":"\"4\"","text":"4"},"inventory":null},"(12,1,11)":{"fields":{"formspec":"field[text;;${text}]","infotext":"\"2\"","text":"2"},"inventory":null},"(12,1,14)":{"fields":{"code":"-- Digiline Decoder\n-- Reads an 8 bit binary number (signed or unsigned) from the bus, and converts it to decimal notation\r-- by So.Po.Coder for Minetest Mesecons Lua Controller\r-- B: Digiline Out 1, C: Input 2, D: Input 1\r\rif (event.type == \"program\") then\r  mem.decoder = 4\rend\n\n-- insert this decoders inputs to the table/array then pass on to the next decoder in sequence\rif (event.type == \"digiline\" and event.channel == \"decoder\" .. mem.decoder) then\r  bus = event.msg\r  table.insert(bus, pin.d and 1 or 0)\n  table.insert(bus, pin.c and 1 or 0)\r  digiline_send(\"decoder\" .. tonumber(mem.decoder + 1), bus) -- send to the next decoder\rend","formspec":"size[12,10]background[-0.2,-0.25;12.4,10.75;jeija_luac_background.png]label[0.1,8.3;]textarea[0.2,0.2;12.2,9.5;code;;-- Digiline Decoder\n-- Reads an 8 bit binary number (signed or unsigned) from the bus\\, and converts it to decimal notation\r-- by So.Po.Coder for Minetest Mesecons Lua Controller\r-- B: Digiline Out 1\\, C: Input 2\\, D: Input 1\r\rif (event.type == \"program\") then\r  mem.decoder = 4\rend\n\n-- insert this decoders inputs to the table/array then pass on to the next decoder in sequence\rif (event.type == \"digiline\" and event.channel == \"decoder\" .. mem.decoder) then\r  bus = event.msg\r  table.insert(bus\\, pin.d and 1 or 0)\n  table.insert(bus\\, pin.c and 1 or 0)\r  digiline_send(\"decoder\" .. tonumber(mem.decoder + 1)\\, bus) -- send to the next decoder\rend]image_button[4.75,8.75;2.5,1;jeija_luac_runbutton.png;program;]image_button_exit[11.72,-0.25;0.425,0.4;jeija_close_window.png;exit;]","lc_memory":"return {[\"b\"] = true, [\"d\"] = false, [\"decoder\"] = 4, [\"a\"] = false, [\"c\"] = false}","luac_id":"45357","real_portstates":"4"},"inventory":null},"(13,1,11)":{"fields":{"formspec":"field[text;;${text}]","infotext":"\"1\"","text":"1"},"inventory":null},"(15,1,11)":{"fields":{"formspec":"field[text;;${text}]","infotext":"\"subtract / signed\"","text":"subtract / signed"},"inventory":null},"(15,1,14)":{"fields":{"code":"-- Digiline Decoder\n-- Reads an 8 bit binary number (signed or unsigned) from the bus, and converts it to decimal notation\r-- by So.Po.Coder for Minetest Mesecons Lua Controller\r-- B: Digiline Out, C: Carry Out, D: Substract\n\nif (event.type == \"program\") then\n  mem.decoder = 5\rend\n\rfunction get_place_value(index_from_right, decimal_number)\n  reversed_number = string.reverse(tostring(decimal_number))\n  place_value = string.sub(reversed_number, index_from_right, index_from_right)\n  return place_value\nend\r\rif (event.type == \"digiline\" and event.channel == \"decoder\" .. mem.decoder) then\r  bus = event.msg\r  bus_decimal = tonumber(table.concat(bus),2) -- flatten table and convert from binary to decimal\n\n  one = tonumber(get_place_value(1, bus_decimal))\n  ten = tonumber(get_place_value(2, bus_decimal))\n  hun = tonumber(get_place_value(3, bus_decimal))\n  neg = (pin.d and not pin.c) and \"-\" or \"\" -- display \"-\" if substract is enabled and carry out is low\n\r  digiline_send(\"display\", { one = one, ten = ten, hun = hun, neg = neg }) -- send to the display\nend","formspec":"size[12,10]background[-0.2,-0.25;12.4,10.75;jeija_luac_background.png]label[0.1,8.3;]textarea[0.2,0.2;12.2,9.5;code;;-- Digiline Decoder\n-- Reads an 8 bit binary number (signed or unsigned) from the bus\\, and converts it to decimal notation\r-- by So.Po.Coder for Minetest Mesecons Lua Controller\r-- B: Digiline Out\\, C: Carry Out\\, D: Substract\n\nif (event.type == \"program\") then\n  mem.decoder = 5\rend\n\rfunction get_place_value(index_from_right\\, decimal_number)\n  reversed_number = string.reverse(tostring(decimal_number))\n  place_value = string.sub(reversed_number\\, index_from_right\\, index_from_right)\n  return place_value\nend\r\rif (event.type == \"digiline\" and event.channel == \"decoder\" .. mem.decoder) then\r  bus = event.msg\r  bus_decimal = tonumber(table.concat(bus)\\,2) -- flatten table and convert from binary to decimal\n\n  one = tonumber(get_place_value(1\\, bus_decimal))\n  ten = tonumber(get_place_value(2\\, bus_decimal))\n  hun = tonumber(get_place_value(3\\, bus_decimal))\n  neg = (pin.d and not pin.c) and \"-\" or \"\" -- display \"-\" if substract is enabled and carry out is low\n\r  digiline_send(\"display\"\\, { one = one\\, ten = ten\\, hun = hun\\, neg = neg }) -- send to the display\nend]image_button[4.75,8.75;2.5,1;jeija_luac_runbutton.png;program;]image_button_exit[11.72,-0.25;0.425,0.4;jeija_close_window.png;exit;]","lc_memory":"return {[\"b\"] = false, [\"d\"] = false, [\"c\"] = false, [\"a\"] = false, [\"decoder\"] = 5}","luac_id":"506","real_portstates":"9"},"inventory":null},"(4,1,11)":{"fields":{"formspec":"field[text;;${text}]","infotext":"\"clock\"","text":"clock"},"inventory":null},"(4,1,13)":{"fields":{"input1":"0","input2":"1"},"inventory":null},"(6,1,11)":{"fields":{"formspec":"field[text;;${text}]","infotext":"\"128\"","text":"128"},"inventory":null},"(6,1,14)":{"fields":{"code":"-- Digiline Decoder\n-- Reads an 8 bit binary number (signed or unsigned) from the bus, and converts it to decimal notation\r-- by So.Po.Coder for Minetest Mesecons Lua Controller\r-- A: Clock, B: Digiline Out 1, C: Input 2, D: Input 1\r\rif (event.type == \"program\") then\n  mem.decoder = 1\rend\n\n-- create the bus array, insert the first two bits and pass to the next decoder in sequence\rif (event.type == \"on\" and event.pin.name == \"A\") then\r  bus = {}\r  table.insert(bus, pin.d and 1 or 0)\n  table.insert(bus, pin.c and 1 or 0)\r  digiline_send(\"decoder\" .. tonumber(mem.decoder + 1), bus) -- send to the next decoder\rend","formspec":"size[12,10]background[-0.2,-0.25;12.4,10.75;jeija_luac_background.png]label[0.1,8.3;]textarea[0.2,0.2;12.2,9.5;code;;-- Digiline Decoder\n-- Reads an 8 bit binary number (signed or unsigned) from the bus\\, and converts it to decimal notation\r-- by So.Po.Coder for Minetest Mesecons Lua Controller\r-- A: Clock\\, B: Digiline Out 1\\, C: Input 2\\, D: Input 1\r\rif (event.type == \"program\") then\n  mem.decoder = 1\rend\n\n-- create the bus array\\, insert the first two bits and pass to the next decoder in sequence\rif (event.type == \"on\" and event.pin.name == \"A\") then\r  bus = {}\r  table.insert(bus\\, pin.d and 1 or 0)\n  table.insert(bus\\, pin.c and 1 or 0)\r  digiline_send(\"decoder\" .. tonumber(mem.decoder + 1)\\, bus) -- send to the next decoder\rend]image_button[4.75,8.75;2.5,1;jeija_luac_runbutton.png;program;]image_button_exit[11.72,-0.25;0.425,0.4;jeija_close_window.png;exit;]","ignore_offevents":"return {}","lc_memory":"return {[\"decoder\"] = 1}","luac_id":"19440","real_portstates":"9"},"inventory":null},"(7,1,11)":{"fields":{"formspec":"field[text;;${text}]","infotext":"\"64\"","text":"64"},"inventory":null},"(8,1,11)":{"fields":{"formspec":"field[text;;${text}]","infotext":"\"32\"","text":"32"},"inventory":null},"(8,1,14)":{"fields":{"code":"-- Digiline Decoder\n-- Reads an 8 bit binary number (signed or unsigned) from the bus, and converts it to decimal notation\r-- by So.Po.Coder for Minetest Mesecons Lua Controller\r-- B: Digiline Out 1, C: Input 2, D: Input 1\r\rif (event.type == \"program\") then\r  mem.decoder = 2\rend\n\n-- insert this decoders inputs to the table/array then pass on to the next decoder in sequence\rif (event.type == \"digiline\" and event.channel == \"decoder\" .. mem.decoder) then\r  bus = event.msg\r  table.insert(bus, pin.d and 1 or 0)\n  table.insert(bus, pin.c and 1 or 0)\r  digiline_send(\"decoder\" .. tonumber(mem.decoder + 1), bus) -- send to the next decoder\rend","formspec":"size[12,10]background[-0.2,-0.25;12.4,10.75;jeija_luac_background.png]label[0.1,8.3;]textarea[0.2,0.2;12.2,9.5;code;;-- Digiline Decoder\n-- Reads an 8 bit binary number (signed or unsigned) from the bus\\, and converts it to decimal notation\r-- by So.Po.Coder for Minetest Mesecons Lua Controller\r-- B: Digiline Out 1\\, C: Input 2\\, D: Input 1\r\rif (event.type == \"program\") then\r  mem.decoder = 2\rend\n\n-- insert this decoders inputs to the table/array then pass on to the next decoder in sequence\rif (event.type == \"digiline\" and event.channel == \"decoder\" .. mem.decoder) then\r  bus = event.msg\r  table.insert(bus\\, pin.d and 1 or 0)\n  table.insert(bus\\, pin.c and 1 or 0)\r  digiline_send(\"decoder\" .. tonumber(mem.decoder + 1)\\, bus) -- send to the next decoder\rend]image_button[4.75,8.75;2.5,1;jeija_luac_runbutton.png;program;]image_button_exit[11.72,-0.25;0.425,0.4;jeija_close_window.png;exit;]","lc_memory":"return {[\"b\"] = false, [\"d\"] = false, [\"decoder\"] = 2, [\"a\"] = false, [\"c\"] = false}","luac_id":"63791","real_portstates":"6"},"inventory":null},"(9,1,11)":{"fields":{"formspec":"field[text;;${text}]","infotext":"\"16\"","text":"16"},"inventory":null}},"timers":null},"(0,2,3)":{"meta":{"(11,10,11)":{"fields":{"code":"if event.type == \"program\" then\r  mem.A = {[0]=true, [2]=true, [6]=true, [8]=true}\n  mem.D = {[1]=true}\r  mem.C = {[0]=true, [3]=true, [4]=true, [5]=true, [6]=true, [7]=true, [8]=true, [9]=true}\rend\nif (event.type == \"digiline\" and event.channel == \"display\") then\r  x = event.msg.ten\r  port.a = mem.A[x]\n  port.d = mem.D[x]\r  port.c = mem.C[x]\rend","formspec":"size[12,10]background[-0.2,-0.25;12.4,10.75;jeija_luac_background.png]label[0.1,8.3;]textarea[0.2,0.2;12.2,9.5;code;;if event.type == \"program\" then\r  mem.A = {\\[0\\]=true\\, \\[2\\]=true\\, \\[6\\]=true\\, \\[8\\]=true}\n  mem.D = {\\[1\\]=true}\r  mem.C = {\\[0\\]=true\\, \\[3\\]=true\\, \\[4\\]=true\\, \\[5\\]=true\\, \\[6\\]=true\\, \\[7\\]=true\\, \\[8\\]=true\\, \\[9\\]=true}\rend\nif (event.type == \"digiline\" and event.channel == \"display\") then\r  x = event.msg.ten\r  port.a = mem.A\\[x\\]\n  port.d = mem.D\\[x\\]\r  port.c = mem.C\\[x\\]\rend]image_button[4.75,8.75;2.5,1;jeija_luac_runbutton.png;program;]image_button_exit[11.72,-0.25;0.425,0.4;jeija_close_window.png;exit;]","ignore_offevents":"return {[\"B\"] = true, [\"D\"] = true, [\"C\"] = true}","lc_memory":"return {[\"B\"] = {[0] = true, [2] = true, [3] = true, [4] = true, [5] = true, [6] = true, [8] = true, [9] = true}, [\"accept2\"] = {true, [0] = true, [3] = true, [4] = true, [5] = true, [6] = true, [7] = true, [8] = true, [9] = true}, [\"accept1\"] = {[0] = true, [2] = true, [6] = true, [8] = true}, [\"D\"] = {true}, [\"A\"] = {[0] = true, [2] = true, [6] = true, [8] = true}, [\"C\"] = {[0] = true, [3] = true, [4] = true, [5] = true, [6] = true, [7] = true, [8] = true, [9] = true}}","luac_id":"22375","real_portstates":"1"},"inventory":null},"(11,11,11)":{"fields":{"code":"if event.type == \"program\" then\r  mem.A = {[0]=true, [2]=true, [3]=true, [4]=true, [5]=true, [6]=true, [8]=true, [9]=true}\r  mem.D = {[2]=true, [1]=true, [3]=true, [4]=true, [5]=true, [6]=true, [8]=true, [9]=true}\r  mem.C = {[0]=true, [2]=true, [3]=true, [4]=true, [5]=true, [6]=true, [7]=true, [8]=true, [9]=true}\rend\nif (event.type == \"digiline\" and event.channel == \"display\") then\r  x = event.msg.ten\r  port.a = mem.A[x]\r  port.d = mem.D[x]\r  port.c = mem.C[x]\rend","formspec":"size[12,10]background[-0.2,-0.25;12.4,10.75;jeija_luac_background.png]label[0.1,8.3;]textarea[0.2,0.2;12.2,9.5;code;;if event.type == \"program\" then\r  mem.A = {\\[0\\]=true\\, \\[2\\]=true\\, \\[3\\]=true\\, \\[4\\]=true\\, \\[5\\]=true\\, \\[6\\]=true\\, \\[8\\]=true\\, \\[9\\]=true}\r  mem.D = {\\[2\\]=true\\, \\[1\\]=true\\, \\[3\\]=true\\, \\[4\\]=true\\, \\[5\\]=true\\, \\[6\\]=true\\, \\[8\\]=true\\, \\[9\\]=true}\r  mem.C = {\\[0\\]=true\\, \\[2\\]=true\\, \\[3\\]=true\\, \\[4\\]=true\\, \\[5\\]=true\\, \\[6\\]=true\\, \\[7\\]=true\\, \\[8\\]=true\\, \\[9\\]=true}\rend\nif (event.type == \"digiline\" and event.channel == \"display\") then\r  x = event.msg.ten\r  port.a = mem.A\\[x\\]\r  port.d = mem.D\\[x\\]\r  port.c = mem.C\\[x\\]\rend]image_button[4.75,8.75;2.5,1;jeija_luac_runbutton.png;program;]image_button_exit[11.72,-0.25;0.425,0.4;jeija_close_window.png;exit;]","ignore_offevents":"return {[\"D\"] = true, [\"A\"] = true, [\"C\"] = true}","lc_memory":"return {[\"B\"] = {[0] = true, [2] = true, [3] = true, [4] = true, [5] = true, [6] = true, [8] = true, [9] = true}, [\"D\"] = {true, true, true, true, true, true, [8] = true, [9] = true}, [\"A\"] = {[0] = true, [2] = true, [3] = true, [4] = true, [5] = true, [6] = true, [8] = true, [9] = true}, [\"C\"] = {[0] = true, [2] = true, [3] = true, [4] = true, [5] = true, [6] = true, [7] = true, [8] = true, [9] = true}}","luac_id":"22581","real_portstates":"1"},"inventory":null},"(11,12,11)":{"fields":{"code":"if event.type == \"program\" then\r  mem.A = {[0]=true, [4]=true, [5]=true, [6]=true, [8]=true, [9]=true}\n  mem.D = {[1] = true}\r  mem.C = {[0]=true, [2]=true, [3]=true, [4]=true, [7]=true, [8]=true, [9]=true}\rend\nif (event.type == \"digiline\" and event.channel == \"display\") then\r  x = event.msg.ten\r  port.a = mem.A[x]\n  port.d = mem.D[x]\r  port.c = mem.C[x]\rend","formspec":"size[12,10]background[-0.2,-0.25;12.4,10.75;jeija_luac_background.png]label[0.1,8.3;]textarea[0.2,0.2;12.2,9.5;code;;if event.type == \"program\" then\r  mem.A = {\\[0\\]=true\\, \\[4\\]=true\\, \\[5\\]=true\\, \\[6\\]=true\\, \\[8\\]=true\\, \\[9\\]=true}\n  mem.D = {\\[1\\] = true}\r  mem.C = {\\[0\\]=true\\, \\[2\\]=true\\, \\[3\\]=true\\, \\[4\\]=true\\, \\[7\\]=true\\, \\[8\\]=true\\, \\[9\\]=true}\rend\nif (event.type == \"digiline\" and event.channel == \"display\") then\r  x = event.msg.ten\r  port.a = mem.A\\[x\\]\n  port.d = mem.D\\[x\\]\r  port.c = mem.C\\[x\\]\rend]image_button[4.75,8.75;2.5,1;jeija_luac_runbutton.png;program;]image_button_exit[11.72,-0.25;0.425,0.4;jeija_close_window.png;exit;]","ignore_offevents":"return {[\"D\"] = true, [\"A\"] = true}","lc_memory":"return {[\"accept2\"] = {true, true, true, true, [0] = true, [7] = true, [8] = true, [9] = true}, [\"accept1\"] = {[0] = true, [4] = true, [5] = true, [6] = true, [8] = true, [9] = true}, [\"D\"] = {true}, [\"A\"] = {[0] = true, [4] = true, [5] = true, [6] = true, [8] = true, [9] = true}, [\"C\"] = {[0] = true, [2] = true, [3] = true, [4] = true, [7] = true, [8] = true, [9] = true}}","luac_id":"9186","real_portstates":"1"},"inventory":null},"(11,13,11)":{"fields":{"code":"if event.type == \"program\" then\r  mem.A = {[0]=true, [2]=true, [3]=true, [4]=true, [5]=true, [6]=true, [7]=true, [8]=true, [9]=true}\r  mem.D = {[0]=true, [1]=true, [2]=true, [3]=true, [5]=true, [6]=true, [7]=true, [8]=true, [9]=true}\r  mem.C = {[0]=true, [2]=true, [3]=true, [4]=true, [5]=true, [6]=true, [7]=true, [8]=true, [9]=true}\rend\nif (event.type == \"digiline\" and event.channel == \"display\") then\r  x = event.msg.ten\r  port.a = mem.A[x]\r  port.d = mem.D[x]\r  port.c = mem.C[x]\rend","formspec":"size[12,10]background[-0.2,-0.25;12.4,10.75;jeija_luac_background.png]label[0.1,8.3;]textarea[0.2,0.2;12.2,9.5;code;;if event.type == \"program\" then\r  mem.A = {\\[0\\]=true\\, \\[2\\]=true\\, \\[3\\]=true\\, \\[4\\]=true\\, \\[5\\]=true\\, \\[6\\]=true\\, \\[7\\]=true\\, \\[8\\]=true\\, \\[9\\]=true}\r  mem.D = {\\[0\\]=true\\, \\[1\\]=true\\, \\[2\\]=true\\, \\[3\\]=true\\, \\[5\\]=true\\, \\[6\\]=true\\, \\[7\\]=true\\, \\[8\\]=true\\, \\[9\\]=true}\r  mem.C = {\\[0\\]=true\\, \\[2\\]=true\\, \\[3\\]=true\\, \\[4\\]=true\\, \\[5\\]=true\\, \\[6\\]=true\\, \\[7\\]=true\\, \\[8\\]=true\\, \\[9\\]=true}\rend\nif (event.type == \"digiline\" and event.channel == \"display\") then\r  x = event.msg.ten\r  port.a = mem.A\\[x\\]\r  port.d = mem.D\\[x\\]\r  port.c = mem.C\\[x\\]\rend]image_button[4.75,8.75;2.5,1;jeija_luac_runbutton.png;program;]image_button_exit[11.72,-0.25;0.425,0.4;jeija_close_window.png;exit;]","ignore_offevents":"return {[\"D\"] = true, [\"A\"] = true, [\"C\"] = true}","lc_memory":"return {[\"B\"] = {[0] = true, [2] = true, [3] = true, [4] = true, [5] = true, [6] = true, [7] = true, [8] = true, [9] = true}, [\"C\"] = {[0] = true, [2] = true, [3] = true, [4] = true, [5] = true, [6] = true, [7] = true, [8] = true, [9] = true}, [\"A\"] = {[0] = true, [2] = true, [3] = true, [4] = true, [5] = true, [6] = true, [7] = true, [8] = true, [9] = true}, [\"D\"] = {true, true, true, [0] = true, [5] = true, [6] = true, [7] = true, [8] = true, [9] = true}}","luac_id":"60540","real_portstates":"1"},"inventory":null},"(11,9,11)":{"fields":{"code":"if (event.type == \"program\") then\r  mem.A = {[0]=true, [2]=true, [3]=true, [5]=true, [6]=true, [8]=true, [9]=true}\r  mem.D = {[0]=true, [1]=true, [2]=true, [3]=true, [5]=true, [6]=true, [8]=true, [9]=true}\r  mem.C = {[0]=true, [2]=true, [3]=true, [4]=true, [5]=true, [6]=true, [7]=true, [8]=true, [9]=true}\rend\n\nif (event.type == \"digiline\" and event.channel == \"display\") then\r  x = event.msg.ten\r  port.a = mem.A[x]\n  port.d = mem.D[x]\r  port.c = mem.C[x]\rend","formspec":"size[12,10]background[-0.2,-0.25;12.4,10.75;jeija_luac_background.png]label[0.1,8.3;]textarea[0.2,0.2;12.2,9.5;code;;if (event.type == \"program\") then\r  mem.A = {\\[0\\]=true\\, \\[2\\]=true\\, \\[3\\]=true\\, \\[5\\]=true\\, \\[6\\]=true\\, \\[8\\]=true\\, \\[9\\]=true}\r  mem.D = {\\[0\\]=true\\, \\[1\\]=true\\, \\[2\\]=true\\, \\[3\\]=true\\, \\[5\\]=true\\, \\[6\\]=true\\, \\[8\\]=true\\, \\[9\\]=true}\r  mem.C = {\\[0\\]=true\\, \\[2\\]=true\\, \\[3\\]=true\\, \\[4\\]=true\\, \\[5\\]=true\\, \\[6\\]=true\\, \\[7\\]=true\\, \\[8\\]=true\\, \\[9\\]=true}\rend\n\nif (event.type == \"digiline\" and event.channel == \"display\") then\r  x = event.msg.ten\r  port.a = mem.A\\[x\\]\n  port.d = mem.D\\[x\\]\r  port.c = mem.C\\[x\\]\rend]image_button[4.75,8.75;2.5,1;jeija_luac_runbutton.png;program;]image_button_exit[11.72,-0.25;0.425,0.4;jeija_close_window.png;exit;]","ignore_offevents":"return {[\"B\"] = true, [\"C\"] = true, [\"A\"] = true, [\"D\"] = true}","lc_memory":"return {[\"B\"] = {[0] = true, [2] = true, [3] = true, [5] = true, [6] = true, [8] = true, [9] = true}, [\"C\"] = {[0] = true, [2] = true, [3] = true, [4] = true, [5] = true, [6] = true, [7] = true, [8] = true, [9] = true}, [\"A\"] = {[0] = true, [2] = true, [3] = true, [5] = true, [6] = true, [8] = true, [9] = true}, [\"D\"] = {true, true, true, [0] = true, [5] = true, [6] = true, [8] = true, [9] = true}}","luac_id":"3689","real_portstates":"1"},"inventory":null},"(15,10,11)":{"fields":{"code":"if event.type == \"program\" then\r  mem.A = {[0]=true, [2]=true, [6]=true, [8]=true}\n  mem.D = {[1]=true}\r  mem.C = {[0]=true, [3]=true, [4]=true, [5]=true, [6]=true, [7]=true, [8]=true, [9]=true}\rend\nif (event.type == \"digiline\" and event.channel == \"display\") then\r  x = event.msg.one\r  port.a = mem.A[x]\n  port.d = mem.D[x]\r  port.c = mem.C[x]\rend","formspec":"size[12,10]background[-0.2,-0.25;12.4,10.75;jeija_luac_background.png]label[0.1,8.3;]textarea[0.2,0.2;12.2,9.5;code;;if event.type == \"program\" then\r  mem.A = {\\[0\\]=true\\, \\[2\\]=true\\, \\[6\\]=true\\, \\[8\\]=true}\n  mem.D = {\\[1\\]=true}\r  mem.C = {\\[0\\]=true\\, \\[3\\]=true\\, \\[4\\]=true\\, \\[5\\]=true\\, \\[6\\]=true\\, \\[7\\]=true\\, \\[8\\]=true\\, \\[9\\]=true}\rend\nif (event.type == \"digiline\" and event.channel == \"display\") then\r  x = event.msg.one\r  port.a = mem.A\\[x\\]\n  port.d = mem.D\\[x\\]\r  port.c = mem.C\\[x\\]\rend]image_button[4.75,8.75;2.5,1;jeija_luac_runbutton.png;program;]image_button_exit[11.72,-0.25;0.425,0.4;jeija_close_window.png;exit;]","ignore_offevents":"return {[\"B\"] = true, [\"A\"] = true, [\"C\"] = true, [\"D\"] = true}","lc_memory":"return {[\"B\"] = {[0] = true, [2] = true, [3] = true, [4] = true, [5] = true, [6] = true, [8] = true, [9] = true}, [\"accept2\"] = {true, [0] = true, [3] = true, [4] = true, [5] = true, [6] = true, [7] = true, [8] = true, [9] = true}, [\"accept1\"] = {[0] = true, [2] = true, [6] = true, [8] = true}, [\"D\"] = {true}, [\"A\"] = {[0] = true, [2] = true, [6] = true, [8] = true}, [\"C\"] = {[0] = true, [3] = true, [4] = true, [5] = true, [6] = true, [7] = true, [8] = true, [9] = true}}","luac_id":"57103","real_portstates":"1"},"inventory":null},"(15,11,11)":{"fields":{"code":"if event.type == \"program\" then\r  mem.A = {[0]=true, [2]=true, [3]=true, [4]=true, [5]=true, [6]=true, [8]=true, [9]=true}\r  mem.D = {[2]=true, [1]=true, [3]=true, [4]=true, [5]=true, [6]=true, [8]=true, [9]=true}\r  mem.C = {[0]=true, [2]=true, [3]=true, [4]=true, [5]=true, [6]=true, [7]=true, [8]=true, [9]=true}\rend\nif (event.type == \"digiline\" and event.channel == \"display\") then\r  x = event.msg.one\r  port.a = mem.A[x]\r  port.d = mem.D[x]\r  port.c = mem.C[x]\rend","formspec":"size[12,10]background[-0.2,-0.25;12.4,10.75;jeija_luac_background.png]label[0.1,8.3;]textarea[0.2,0.2;12.2,9.5;code;;if event.type == \"program\" then\r  mem.A = {\\[0\\]=true\\, \\[2\\]=true\\, \\[3\\]=true\\, \\[4\\]=true\\, \\[5\\]=true\\, \\[6\\]=true\\, \\[8\\]=true\\, \\[9\\]=true}\r  mem.D = {\\[2\\]=true\\, \\[1\\]=true\\, \\[3\\]=true\\, \\[4\\]=true\\, \\[5\\]=true\\, \\[6\\]=true\\, \\[8\\]=true\\, \\[9\\]=true}\r  mem.C = {\\[0\\]=true\\, \\[2\\]=true\\, \\[3\\]=true\\, \\[4\\]=true\\, \\[5\\]=true\\, \\[6\\]=true\\, \\[7\\]=true\\, \\[8\\]=true\\, \\[9\\]=true}\rend\nif (event.type == \"digiline\" and event.channel == \"display\") then\r  x = event.msg.one\r  port.a = mem.A\\[x\\]\r  port.d = mem.D\\[x\\]\r  port.c = mem.C\\[x\\]\rend]image_button[4.75,8.75;2.5,1;jeija_luac_runbutton.png;program;]image_button_exit[11.72,-0.25;0.425,0.4;jeija_close_window.png;exit;]","ignore_offevents":"return {[\"D\"] = true, [\"C\"] = true, [\"A\"] = true}","lc_memory":"return {[\"B\"] = {[0] = true, [2] = true, [3] = true, [4] = true, [5] = true, [6] = true, [8] = true, [9] = true}, [\"C\"] = {[0] = true, [2] = true, [3] = true, [4] = true, [5] = true, [6] = true, [7] = true, [8] = true, [9] = true}, [\"A\"] = {[0] = true, [2] = true, [3] = true, [4] = true, [5] = true, [6] = true, [8] = true, [9] = true}, [\"D\"] = {true, true, true, true, true, true, [8] = true, [9] = true}}","luac_id":"41841","real_portstates":"1"},"inventory":null},"(15,12,11)":{"fields":{"code":"if event.type == \"program\" then\r  mem.A = {[0]=true, [4]=true, [5]=true, [6]=true, [8]=true, [9]=true}\n  mem.D = {[1] = true}\r  mem.C = {[0]=true, [2]=true, [3]=true, [4]=true, [7]=true, [8]=true, [9]=true}\rend\nif (event.type == \"digiline\" and event.channel == \"display\") then\r  x = event.msg.one\r  port.a = mem.A[x]\n  port.d = mem.D[x]\r  port.c = mem.C[x]\rend","formspec":"size[12,10]background[-0.2,-0.25;12.4,10.75;jeija_luac_background.png]label[0.1,8.3;]textarea[0.2,0.2;12.2,9.5;code;;if event.type == \"program\" then\r  mem.A = {\\[0\\]=true\\, \\[4\\]=true\\, \\[5\\]=true\\, \\[6\\]=true\\, \\[8\\]=true\\, \\[9\\]=true}\n  mem.D = {\\[1\\] = true}\r  mem.C = {\\[0\\]=true\\, \\[2\\]=true\\, \\[3\\]=true\\, \\[4\\]=true\\, \\[7\\]=true\\, \\[8\\]=true\\, \\[9\\]=true}\rend\nif (event.type == \"digiline\" and event.channel == \"display\") then\r  x = event.msg.one\r  port.a = mem.A\\[x\\]\n  port.d = mem.D\\[x\\]\r  port.c = mem.C\\[x\\]\rend]image_button[4.75,8.75;2.5,1;jeija_luac_runbutton.png;program;]image_button_exit[11.72,-0.25;0.425,0.4;jeija_close_window.png;exit;]","ignore_offevents":"return {[\"D\"] = true, [\"A\"] = true}","lc_memory":"return {[\"accept2\"] = {true, true, true, true, [0] = true, [7] = true, [8] = true, [9] = true}, [\"accept1\"] = {[0] = true, [4] = true, [5] = true, [6] = true, [8] = true, [9] = true}, [\"D\"] = {true}, [\"C\"] = {[0] = true, [2] = true, [3] = true, [4] = true, [7] = true, [8] = true, [9] = true}, [\"A\"] = {[0] = true, [4] = true, [5] = true, [6] = true, [8] = true, [9] = true}}","luac_id":"54696","real_portstates":"1"},"inventory":null},"(15,13,11)":{"fields":{"code":"if event.type == \"program\" then\r  mem.A = {[0]=true, [2]=true, [3]=true, [4]=true, \n                 [5]=true, [6]=true, [7]=true, [8]=true, [9]=true}\r  mem.D = {[0]=true, [1]=true, [2]=true, [3]=true, [5]=true, [6]=true, [7]=true, [8]=true, [9]=true}\r  mem.C = {[0]=true, [2]=true, [3]=true, [4]=true, [5]=true, [6]=true, [7]=true, [8]=true, [9]=true}\rend\nif (event.type == \"digiline\" and event.channel == \"display\") then\r  x = event.msg.one\r  port.a = mem.A[x]\r  port.d = mem.D[x]\r  port.c = mem.C[x]\rend","formspec":"size[12,10]background[-0.2,-0.25;12.4,10.75;jeija_luac_background.png]label[0.1,8.3;]textarea[0.2,0.2;12.2,9.5;code;;if event.type == \"program\" then\r  mem.A = {\\[0\\]=true\\, \\[2\\]=true\\, \\[3\\]=true\\, \\[4\\]=true\\, \n                 \\[5\\]=true\\, \\[6\\]=true\\, \\[7\\]=true\\, \\[8\\]=true\\, \\[9\\]=true}\r  mem.D = {\\[0\\]=true\\, \\[1\\]=true\\, \\[2\\]=true\\, \\[3\\]=true\\, \\[5\\]=true\\, \\[6\\]=true\\, \\[7\\]=true\\, \\[8\\]=true\\, \\[9\\]=true}\r  mem.C = {\\[0\\]=true\\, \\[2\\]=true\\, \\[3\\]=true\\, \\[4\\]=true\\, \\[5\\]=true\\, \\[6\\]=true\\, \\[7\\]=true\\, \\[8\\]=true\\, \\[9\\]=true}\rend\nif (event.type == \"digiline\" and event.channel == \"display\") then\r  x = event.msg.one\r  port.a = mem.A\\[x\\]\r  port.d = mem.D\\[x\\]\r  port.c = mem.C\\[x\\]\rend]image_button[4.75,8.75;2.5,1;jeija_luac_runbutton.png;program;]image_button_exit[11.72,-0.25;0.425,0.4;jeija_close_window.png;exit;]","ignore_offevents":"return {[\"D\"] = true, [\"A\"] = true, [\"C\"] = true}","lc_memory":"return {[\"B\"] = {[0] = true, [2] = true, [3] = true, [4] = true, [5] = true, [6] = true, [7] = true, [8] = true, [9] = true}, [\"D\"] = {true, true, true, [0] = true, [5] = true, [6] = true, [7] = true, [8] = true, [9] = true}, [\"A\"] = {[0] = true, [2] = true, [3] = true, [4] = true, [5] = true, [6] = true, [7] = true, [8] = true, [9] = true}, [\"C\"] = {[0] = true, [2] = true, [3] = true, [4] = true, [5] = true, [6] = true, [7] = true, [8] = true, [9] = true}}","luac_id":"14354","real_portstates":"1"},"inventory":null},"(15,9,11)":{"fields":{"code":"if (event.type == \"program\") then\r  mem.A = {[0]=true, [2]=true, [3]=true, [5]=true, [6]=true, [8]=true, [9]=true}\r  mem.D = {[0]=true, [1]=true, [2]=true, [3]=true, [5]=true, [6]=true, [8]=true, [9]=true}\r  mem.C = {[0]=true, [2]=true, [3]=true, [4]=true, [5]=true, [6]=true, [7]=true, [8]=true, [9]=true}\rend\n\nif (event.type == \"digiline\" and event.channel == \"display\") then\r  x = event.msg.one\r  port.a = mem.A[x]\n  port.d = mem.D[x]\r  port.c = mem.C[x]\rend","formspec":"size[12,10]background[-0.2,-0.25;12.4,10.75;jeija_luac_background.png]label[0.1,8.3;]textarea[0.2,0.2;12.2,9.5;code;;if (event.type == \"program\") then\r  mem.A = {\\[0\\]=true\\, \\[2\\]=true\\, \\[3\\]=true\\, \\[5\\]=true\\, \\[6\\]=true\\, \\[8\\]=true\\, \\[9\\]=true}\r  mem.D = {\\[0\\]=true\\, \\[1\\]=true\\, \\[2\\]=true\\, \\[3\\]=true\\, \\[5\\]=true\\, \\[6\\]=true\\, \\[8\\]=true\\, \\[9\\]=true}\r  mem.C = {\\[0\\]=true\\, \\[2\\]=true\\, \\[3\\]=true\\, \\[4\\]=true\\, \\[5\\]=true\\, \\[6\\]=true\\, \\[7\\]=true\\, \\[8\\]=true\\, \\[9\\]=true}\rend\n\nif (event.type == \"digiline\" and event.channel == \"display\") then\r  x = event.msg.one\r  port.a = mem.A\\[x\\]\n  port.d = mem.D\\[x\\]\r  port.c = mem.C\\[x\\]\rend]image_button[4.75,8.75;2.5,1;jeija_luac_runbutton.png;program;]image_button_exit[11.72,-0.25;0.425,0.4;jeija_close_window.png;exit;]","ignore_offevents":"return {[\"B\"] = true, [\"A\"] = true, [\"C\"] = true, [\"D\"] = true}","lc_memory":"return {[\"B\"] = {[0] = true, [2] = true, [3] = true, [5] = true, [6] = true, [8] = true, [9] = true}, [\"C\"] = {[0] = true, [2] = true, [3] = true, [4] = true, [5] = true, [6] = true, [7] = true, [8] = true, [9] = true}, [\"A\"] = {[0] = true, [2] = true, [3] = true, [5] = true, [6] = true, [8] = true, [9] = true}, [\"D\"] = {true, true, true, [0] = true, [5] = true, [6] = true, [8] = true, [9] = true}}","luac_id":"22385","real_portstates":"1"},"inventory":null},"(4,11,11)":{"fields":{"code":"if (event.type == \"digiline\" and event.channel == \"display\") then\r  x = (event.msg.neg == \"-\")\r  port.a = x\r  port.d = x\rend","formspec":"size[12,10]background[-0.2,-0.25;12.4,10.75;jeija_luac_background.png]label[0.1,8.3;]textarea[0.2,0.2;12.2,9.5;code;;if (event.type == \"digiline\" and event.channel == \"display\") then\r  x = (event.msg.neg == \"-\")\r  port.a = x\r  port.d = x\rend]image_button[4.75,8.75;2.5,1;jeija_luac_runbutton.png;program;]image_button_exit[11.72,-0.25;0.425,0.4;jeija_close_window.png;exit;]","ignore_offevents":"return {[\"D\"] = true, [\"A\"] = true}","lc_memory":"return {}","luac_id":"45558","real_portstates":"1"},"inventory":null},"(7,10,11)":{"fields":{"code":"if event.type == \"program\" then\r  mem.A = {[0]=true, [2]=true, [6]=true, [8]=true}\n  mem.D = {[1]=true}\r  mem.C = {[0]=true, [3]=true, [4]=true, [5]=true, [6]=true, [7]=true, [8]=true, [9]=true}\rend\nif (event.type == \"digiline\" and event.channel == \"display\") then\r  x = event.msg.hun\r  port.a = mem.A[x]\n  port.d = mem.D[x]\r  port.c = mem.C[x]\rend","formspec":"size[12,10]background[-0.2,-0.25;12.4,10.75;jeija_luac_background.png]label[0.1,8.3;]textarea[0.2,0.2;12.2,9.5;code;;if event.type == \"program\" then\r  mem.A = {\\[0\\]=true\\, \\[2\\]=true\\, \\[6\\]=true\\, \\[8\\]=true}\n  mem.D = {\\[1\\]=true}\r  mem.C = {\\[0\\]=true\\, \\[3\\]=true\\, \\[4\\]=true\\, \\[5\\]=true\\, \\[6\\]=true\\, \\[7\\]=true\\, \\[8\\]=true\\, \\[9\\]=true}\rend\nif (event.type == \"digiline\" and event.channel == \"display\") then\r  x = event.msg.hun\r  port.a = mem.A\\[x\\]\n  port.d = mem.D\\[x\\]\r  port.c = mem.C\\[x\\]\rend]image_button[4.75,8.75;2.5,1;jeija_luac_runbutton.png;program;]image_button_exit[11.72,-0.25;0.425,0.4;jeija_close_window.png;exit;]","ignore_offevents":"return {[\"B\"] = true, [\"D\"] = true}","lc_memory":"return {[\"B\"] = {[0] = true, [2] = true, [3] = true, [4] = true, [5] = true, [6] = true, [8] = true, [9] = true}, [\"accept2\"] = {true, [0] = true, [3] = true, [4] = true, [5] = true, [6] = true, [7] = true, [8] = true, [9] = true}, [\"accept1\"] = {[0] = true, [2] = true, [6] = true, [8] = true}, [\"D\"] = {true}, [\"A\"] = {[0] = true, [2] = true, [6] = true, [8] = true}, [\"C\"] = {[0] = true, [3] = true, [4] = true, [5] = true, [6] = true, [7] = true, [8] = true, [9] = true}}","luac_id":"45666","real_portstates":"1"},"inventory":null},"(7,11,11)":{"fields":{"code":"if event.type == \"program\" then\r  mem.A = {[0]=true, [2]=true, [3]=true, [4]=true, [5]=true, [6]=true, [8]=true, [9]=true}\r  mem.D = {[2]=true, [1]=true, [3]=true, [4]=true, [5]=true, [6]=true, [8]=true, [9]=true}\r  mem.C = {[0]=true, [2]=true, [3]=true, [4]=true, [5]=true, [6]=true, [7]=true, [8]=true, [9]=true}\rend\nif (event.type == \"digiline\" and event.channel == \"display\") then\r  x = event.msg.hun\r  port.a = mem.A[x]\r  port.d = mem.D[x]\r  port.c = mem.C[x]\rend","formspec":"size[12,10]background[-0.2,-0.25;12.4,10.75;jeija_luac_background.png]label[0.1,8.3;]textarea[0.2,0.2;12.2,9.5;code;;if event.type == \"program\" then\r  mem.A = {\\[0\\]=true\\, \\[2\\]=true\\, \\[3\\]=true\\, \\[4\\]=true\\, \\[5\\]=true\\, \\[6\\]=true\\, \\[8\\]=true\\, \\[9\\]=true}\r  mem.D = {\\[2\\]=true\\, \\[1\\]=true\\, \\[3\\]=true\\, \\[4\\]=true\\, \\[5\\]=true\\, \\[6\\]=true\\, \\[8\\]=true\\, \\[9\\]=true}\r  mem.C = {\\[0\\]=true\\, \\[2\\]=true\\, \\[3\\]=true\\, \\[4\\]=true\\, \\[5\\]=true\\, \\[6\\]=true\\, \\[7\\]=true\\, \\[8\\]=true\\, \\[9\\]=true}\rend\nif (event.type == \"digiline\" and event.channel == \"display\") then\r  x = event.msg.hun\r  port.a = mem.A\\[x\\]\r  port.d = mem.D\\[x\\]\r  port.c = mem.C\\[x\\]\rend]image_button[4.75,8.75;2.5,1;jeija_luac_runbutton.png;program;]image_button_exit[11.72,-0.25;0.425,0.4;jeija_close_window.png;exit;]","ignore_offevents":"return {[\"D\"] = true}","lc_memory":"return {[\"B\"] = {[0] = true, [2] = true, [3] = true, [4] = true, [5] = true, [6] = true, [8] = true, [9] = true}, [\"D\"] = {true, true, true, true, true, true, [8] = true, [9] = true}, [\"A\"] = {[0] = true, [2] = true, [3] = true, [4] = true, [5] = true, [6] = true, [8] = true, [9] = true}, [\"C\"] = {[0] = true, [2] = true, [3] = true, [4] = true, [5] = true, [6] = true, [7] = true, [8] = true, [9] = true}}","luac_id":"55646","real_portstates":"1"},"inventory":null},"(7,12,11)":{"fields":{"code":"if event.type == \"program\" then\r  mem.A = {[0]=true, [4]=true, [5]=true, [6]=true, [8]=true, [9]=true}\n  mem.D = {[1] = true}\r  mem.C = {[0]=true, [2]=true, [3]=true, [4]=true, [7]=true, [8]=true, [9]=true}\rend\nif (event.type == \"digiline\" and event.channel == \"display\") then\r  x = event.msg.hun\r  port.a = mem.A[x]\n  port.d = mem.D[x]\r  port.c = mem.C[x]\rend","formspec":"size[12,10]background[-0.2,-0.25;12.4,10.75;jeija_luac_background.png]label[0.1,8.3;]textarea[0.2,0.2;12.2,9.5;code;;if event.type == \"program\" then\r  mem.A = {\\[0\\]=true\\, \\[4\\]=true\\, \\[5\\]=true\\, \\[6\\]=true\\, \\[8\\]=true\\, \\[9\\]=true}\n  mem.D = {\\[1\\] = true}\r  mem.C = {\\[0\\]=true\\, \\[2\\]=true\\, \\[3\\]=true\\, \\[4\\]=true\\, \\[7\\]=true\\, \\[8\\]=true\\, \\[9\\]=true}\rend\nif (event.type == \"digiline\" and event.channel == \"display\") then\r  x = event.msg.hun\r  port.a = mem.A\\[x\\]\n  port.d = mem.D\\[x\\]\r  port.c = mem.C\\[x\\]\rend]image_button[4.75,8.75;2.5,1;jeija_luac_runbutton.png;program;]image_button_exit[11.72,-0.25;0.425,0.4;jeija_close_window.png;exit;]","ignore_offevents":"return {[\"D\"] = true}","lc_memory":"return {[\"accept2\"] = {true, true, true, true, [0] = true, [7] = true, [8] = true, [9] = true}, [\"accept1\"] = {[0] = true, [4] = true, [5] = true, [6] = true, [8] = true, [9] = true}, [\"D\"] = {true}, [\"A\"] = {[0] = true, [4] = true, [5] = true, [6] = true, [8] = true, [9] = true}, [\"C\"] = {[0] = true, [2] = true, [3] = true, [4] = true, [7] = true, [8] = true, [9] = true}}","luac_id":"26593","real_portstates":"1"},"inventory":null},"(7,13,11)":{"fields":{"code":"if event.type == \"program\" then\r  mem.A = {[0]=true, [2]=true, [3]=true, [4]=true, [5]=true, [6]=true, [7]=true, [8]=true, [9]=true}\r  mem.D = {[0]=true, [1]=true, [2]=true, [3]=true, [5]=true, [6]=true, [7]=true, [8]=true, [9]=true}\r  mem.C = {[0]=true, [2]=true, [3]=true, [4]=true, [5]=true, [6]=true, [7]=true, [8]=true, [9]=true}\rend\nif (event.type == \"digiline\" and event.channel == \"display\") then\r  x = event.msg.hun\r  port.a = mem.A[x]\r  port.d = mem.D[x]\r  port.c = mem.C[x]\rend","formspec":"size[12,10]background[-0.2,-0.25;12.4,10.75;jeija_luac_background.png]label[0.1,8.3;]textarea[0.2,0.2;12.2,9.5;code;;if event.type == \"program\" then\r  mem.A = {\\[0\\]=true\\, \\[2\\]=true\\, \\[3\\]=true\\, \\[4\\]=true\\, \\[5\\]=true\\, \\[6\\]=true\\, \\[7\\]=true\\, \\[8\\]=true\\, \\[9\\]=true}\r  mem.D = {\\[0\\]=true\\, \\[1\\]=true\\, \\[2\\]=true\\, \\[3\\]=true\\, \\[5\\]=true\\, \\[6\\]=true\\, \\[7\\]=true\\, \\[8\\]=true\\, \\[9\\]=true}\r  mem.C = {\\[0\\]=true\\, \\[2\\]=true\\, \\[3\\]=true\\, \\[4\\]=true\\, \\[5\\]=true\\, \\[6\\]=true\\, \\[7\\]=true\\, \\[8\\]=true\\, \\[9\\]=true}\rend\nif (event.type == \"digiline\" and event.channel == \"display\") then\r  x = event.msg.hun\r  port.a = mem.A\\[x\\]\r  port.d = mem.D\\[x\\]\r  port.c = mem.C\\[x\\]\rend]image_button[4.75,8.75;2.5,1;jeija_luac_runbutton.png;program;]image_button_exit[11.72,-0.25;0.425,0.4;jeija_close_window.png;exit;]","ignore_offevents":"return {[\"D\"] = true}","lc_memory":"return {[\"B\"] = {[0] = true, [2] = true, [3] = true, [4] = true, [5] = true, [6] = true, [7] = true, [8] = true, [9] = true}, [\"C\"] = {[0] = true, [2] = true, [3] = true, [4] = true, [5] = true, [6] = true, [7] = true, [8] = true, [9] = true}, [\"A\"] = {[0] = true, [2] = true, [3] = true, [4] = true, [5] = true, [6] = true, [7] = true, [8] = true, [9] = true}, [\"D\"] = {true, true, true, [0] = true, [5] = true, [6] = true, [7] = true, [8] = true, [9] = true}}","luac_id":"15901","real_portstates":"1"},"inventory":null},"(7,9,11)":{"fields":{"code":"if (event.type == \"program\") then\r  mem.A = {[0]=true, [2]=true, [3]=true, [5]=true, [6]=true, [8]=true, [9]=true}\r  mem.D = {[0]=true, [1]=true, [2]=true, [3]=true, [5]=true, [6]=true, [8]=true, [9]=true}\r  mem.C = {[0]=true, [2]=true, [3]=true, [4]=true, [5]=true, [6]=true, [7]=true, [8]=true, [9]=true}\rend\n\nif (event.type == \"digiline\" and event.channel == \"display\") then\r  x = event.msg.hun\r  port.a = mem.A[x]\n  port.d = mem.D[x]\r  port.c = mem.C[x]\rend","formspec":"size[12,10]background[-0.2,-0.25;12.4,10.75;jeija_luac_background.png]label[0.1,8.3;]textarea[0.2,0.2;12.2,9.5;code;;if (event.type == \"program\") then\r  mem.A = {\\[0\\]=true\\, \\[2\\]=true\\, \\[3\\]=true\\, \\[5\\]=true\\, \\[6\\]=true\\, \\[8\\]=true\\, \\[9\\]=true}\r  mem.D = {\\[0\\]=true\\, \\[1\\]=true\\, \\[2\\]=true\\, \\[3\\]=true\\, \\[5\\]=true\\, \\[6\\]=true\\, \\[8\\]=true\\, \\[9\\]=true}\r  mem.C = {\\[0\\]=true\\, \\[2\\]=true\\, \\[3\\]=true\\, \\[4\\]=true\\, \\[5\\]=true\\, \\[6\\]=true\\, \\[7\\]=true\\, \\[8\\]=true\\, \\[9\\]=true}\rend\n\nif (event.type == \"digiline\" and event.channel == \"display\") then\r  x = event.msg.hun\r  port.a = mem.A\\[x\\]\n  port.d = mem.D\\[x\\]\r  port.c = mem.C\\[x\\]\rend]image_button[4.75,8.75;2.5,1;jeija_luac_runbutton.png;program;]image_button_exit[11.72,-0.25;0.425,0.4;jeija_close_window.png;exit;]","ignore_offevents":"return {[\"B\"] = true, [\"D\"] = true}","lc_memory":"return {[\"B\"] = {[0] = true, [2] = true, [3] = true, [5] = true, [6] = true, [8] = true, [9] = true}, [\"D\"] = {true, true, true, [0] = true, [5] = true, [6] = true, [8] = true, [9] = true}, [\"C\"] = {[0] = true, [2] = true, [3] = true, [4] = true, [5] = true, [6] = true, [7] = true, [8] = true, [9] = true}, [\"A\"] = {[0] = true, [2] = true, [3] = true, [5] = true, [6] = true, [8] = true, [9] = true}}","luac_id":"33448","real_portstates":"1"},"inventory":null}},"timers":null},"(1,2,2)":{"meta":{"(1,1,11)":{"fields":{"formspec":"field[text;;${text}]","infotext":"\"carry / overflow\"","text":"carry / overflow"},"inventory":null}},"timers":null},"(2,2,2)":{"meta":{"(13,2,3)":{"fields":{"display_text":"License","infotext":"\"License\"\n(right-click to read more text)","text":"CC BY SA 4.0\n\nBuilt by So.Po.Coder\nhttps://forum.minetest.net/viewtopic.php?f=12&t=24034"},"inventory":null},"(3,1,15)":{"fields":{"infotext":"FPGA (functional)","instr":"A&DC//////////////","portstates":"0001","valid":"1"},"inventory":null},"(5,1,12)":{"fields":{"infotext":"FPGA (functional)","instr":"B|AC//////////////","portstates":"0000","valid":"1"},"inventory":null},"(5,1,15)":{"fields":{"infotext":"FPGA (functional)","instr":"B|A0/0|DC/////////////","portstates":"0000","valid":"1"},"inventory":null},"(6,1,11)":{"fields":{"formspec":"field[text;;${text}]","infotext":"\"top-left (not 1 or 13)\"","text":"top-left (not 1 or 13)"},"inventory":null},"(6,1,14)":{"fields":{"formspec":"field[text;;${text}]","infotext":"\"top-center (not 13, 11 or 4)\"","text":"top-center (not 13, 11 or 4)"},"inventory":null}},"timers":null},"(2,2,3)":{"meta":{"(3,1,0)":{"fields":{"infotext":"FPGA (functional)","instr":"B&AC//////////////","portstates":"0000","valid":"1"},"inventory":null},"(3,1,10)":{"fields":{"infotext":"FPGA (functional)","instr":"B&D0/B&A1/0|1C////////////","portstates":"1000","valid":"1"},"inventory":null},"(3,1,12)":{"fields":{"infotext":"FPGA (functional)","instr":"B&A0/B&D1/0|1C////////////","portstates":"0000","valid":"1"},"inventory":null},"(3,1,14)":{"fields":{"infotext":"FPGA (functional)","instr":"A&DC//////////////","portstates":"0000","valid":"1"},"inventory":null},"(3,1,3)":{"fields":{"infotext":"FPGA (functional)","instr":"A&DB/A&DC/////////////","portstates":"0000","valid":"1"},"inventory":null},"(3,1,4)":{"fields":{"infotext":"FPGA (functional)","instr":"A&B0/0|DC/////////////","portstates":"0100","valid":"1"},"inventory":null},"(3,1,6)":{"fields":{"infotext":"FPGA (functional)","instr":"B&A0/A&D1/0|1C////////////","portstates":"0001","valid":"1"},"inventory":null},"(3,1,8)":{"fields":{"infotext":"FPGA (functional)","instr":"B&D0/A&D1/0|1C////////////","portstates":"0000","valid":"1"},"inventory":null},"(5,1,1)":{"fields":{"infotext":"FPGA (functional)","instr":"A|DC//////////////","portstates":"0000","valid":"1"},"inventory":null},"(5,1,10)":{"fields":{"infotext":"FPGA (functional)","instr":"B|A0/0|DC/////////////","portstates":"0000","valid":"1"},"inventory":null},"(5,1,13)":{"fields":{"infotext":"FPGA (functional)","instr":"B|AC//////////////","portstates":"0000","valid":"1"},"inventory":null},"(5,1,15)":{"fields":{"infotext":"FPGA (functional)","instr":"B|DC//////////////","portstates":"0100","valid":"1"},"inventory":null},"(5,1,5)":{"fields":{"infotext":"FPGA (functional)","instr":"B|A0/0|DC/////////////","portstates":"0000","valid":"1"},"inventory":null},"(5,1,9)":{"fields":{"infotext":"FPGA (functional)","instr":"A|DB//////////////","portstates":"0000","valid":"1"},"inventory":null},"(6,1,0)":{"fields":{"formspec":"field[text;;${text}]","infotext":"\"top-right (not 1 or 11)\"","text":"top-right (not 1 or 11)"},"inventory":null},"(6,1,12)":{"fields":{"formspec":"field[text;;${text}]","infotext":"\"(middle-left (not 1 or 7)\"","text":"(middle-left (not 1 or 7)"},"inventory":null},"(6,1,14)":{"fields":{"formspec":"field[text;;${text}]","infotext":"\"middle-center (not 0, 7 or 12)\"","text":"middle-center (not 0, 7 or 12)"},"inventory":null},"(6,1,4)":{"fields":{"formspec":"field[text;;${text}]","infotext":"\"toppish-left (not 7, 3, 2, 1 or 13)\"","text":"toppish-left (not 7, 3, 2, 1 or 13)"},"inventory":null},"(6,1,6)":{"fields":{"formspec":"field[text;;${text}]","infotext":"\"toppish-center (1)\"","text":"toppish-center (1)"},"inventory":null},"(6,1,9)":{"fields":{"formspec":"field[text;;${text}]","infotext":"\"toppish-right (not 1, 11, 15, 12, 14, 6, or 5)\"","text":"toppish-right (not 1, 11, 15, 12, 14, 6, or 5)"},"inventory":null}},"timers":null},"(2,2,4)":{"meta":{"(3,1,0)":{"fields":{"infotext":"FPGA (functional)","instr":"A&D0/B|0C/////////////","portstates":"1001","valid":"1"},"inventory":null},"(3,1,10)":{"fields":{"infotext":"FPGA (functional)","instr":"B&A0/B&D1/0|1C////////////","portstates":"1000","valid":"1"},"inventory":null},"(3,1,12)":{"fields":{"infotext":"FPGA (functional)","instr":"B&A0/B&D1/0|1C////////////","portstates":"1000","valid":"1"},"inventory":null},"(3,1,15)":{"fields":{"infotext":"FPGA (functional)","instr":"B&A0/A&D1/0|1C////////////","portstates":"0100","valid":"1"},"inventory":null},"(3,1,2)":{"fields":{"infotext":"FPGA (functional)","instr":"B&AC/B&AD/////////////","portstates":"0100","valid":"1"},"inventory":null},"(3,1,4)":{"fields":{"infotext":"FPGA (functional)","instr":"B&A0/B&D1/0|1C////////////","portstates":"0001","valid":"1"},"inventory":null},"(3,1,6)":{"fields":{"infotext":"FPGA (functional)","instr":"B&A0/B&D1/0|1C////////////","portstates":"0000","valid":"1"},"inventory":null},"(3,1,8)":{"fields":{"infotext":"FPGA (functional)","instr":"B&A0/A&D1/0|1C////////////","portstates":"1000","valid":"1"},"inventory":null},"(5,1,12)":{"fields":{"infotext":"FPGA (functional)","instr":"B|A0/0|DC/////////////","portstates":"0000","valid":"1"},"inventory":null},"(5,1,15)":{"fields":{"infotext":"FPGA (functional)","instr":"A|DC//////////////","portstates":"0000","valid":"1"},"inventory":null},"(5,1,2)":{"fields":{"infotext":"FPGA (functional)","instr":"A|BC//////////////","portstates":"0000","valid":"1"},"inventory":null},"(5,1,6)":{"fields":{"infotext":"FPGA (functional)","instr":"B|A0/0|DC/////////////","portstates":"0000","valid":"1"},"inventory":null},"(6,1,1)":{"fields":{"formspec":"field[text;;${text}]","infotext":"\"middle-right (not 1 or 12)\"","text":"middle-right (not 1 or 12)"},"inventory":null},"(6,1,11)":{"fields":{"formspec":"field[text;;${text}]","infotext":"\"bottomish-right (not 1, 2, 14, 12 or 15)\"","text":"bottomish-right (not 1, 2, 14, 12 or 15)"},"inventory":null},"(6,1,14)":{"fields":{"formspec":"field[text;;${text}]","infotext":"\"bottom-left (not 1, 4 or 7)\"","text":"bottom-left (not 1, 4 or 7)"},"inventory":null},"(6,1,5)":{"fields":{"formspec":"field[text;;${text}]","infotext":"\"bottomish-left (not 3, 1, 9, 5, 7 or 4)\"","text":"bottomish-left (not 3, 1, 9, 5, 7 or 4)"},"inventory":null},"(6,1,8)":{"fields":{"formspec":"field[text;;${text}]","infotext":"\"bottomish-center (1)\"","text":"bottomish-center (1)"},"inventory":null}},"timers":null},"(4,2,3)":{"meta":{"(12,2,13)":{"fields":{"formspec":"field[text;;${text}]","infotext":"\"Input / Output 7\"","text":"Input / Output 7"},"inventory":null},"(12,2,8)":{"fields":{"formspec":"field[text;;${text}]","infotext":"\"Input 7\"","text":"Input 7"},"inventory":null},"(12,3,0)":{"fields":{"infotext":"FPGA (functional)","instr":"B&CA//////////////","portstates":"0000","valid":"1"},"inventory":null},"(12,3,15)":{"fields":{"infotext":"FPGA (functional)","instr":"B&CA//////////////","portstates":"0000","valid":"1"},"inventory":null},"(12,3,4)":{"fields":{"code":"-- Register D Latch (toggle D state when enabled)\n-- by So.Po.Coder for Minetest Mesecons Luacontroller\n-- A:clock, B:input, C:reset, D:output\r\rif (event.type == \"program\") then\r  mem.and1, mem.and2 = false, false\rend\r\rif (event.type == \"on\" or event.type == \"off\") then\n\n  -- reset latch to low\n  if (pin.c) then\n    port.d = false\n  end\n\r  -- get first two AND gates based on clock and data\r  if (pin.a and pin.b) then\n    mem.and1 = true\n  else\n    mem.and1 = false\n  end\n  if (pin.a and not pin.b) then\n    mem.and2 = true\n  else\n    mem.and2 = false\n  end\n\n  -- SR Latch\n  if (mem.and1) then\n    port.d = true\n  end\n  if (mem.and2) then\n    port.d = false\n  end\n\rend","formspec":"size[12,10]background[-0.2,-0.25;12.4,10.75;jeija_luac_background.png]label[0.1,8.3;]textarea[0.2,0.2;12.2,9.5;code;;-- Register D Latch (toggle D state when enabled)\n-- by So.Po.Coder for Minetest Mesecons Luacontroller\n-- A:clock\\, B:input\\, C:reset\\, D:output\r\rif (event.type == \"program\") then\r  mem.and1\\, mem.and2 = false\\, false\rend\r\rif (event.type == \"on\" or event.type == \"off\") then\n\n  -- reset latch to low\n  if (pin.c) then\n    port.d = false\n  end\n\r  -- get first two AND gates based on clock and data\r  if (pin.a and pin.b) then\n    mem.and1 = true\n  else\n    mem.and1 = false\n  end\n  if (pin.a and not pin.b) then\n    mem.and2 = true\n  else\n    mem.and2 = false\n  end\n\n  -- SR Latch\n  if (mem.and1) then\n    port.d = true\n  end\n  if (mem.and2) then\n    port.d = false\n  end\n\rend]image_button[4.75,8.75;2.5,1;jeija_luac_runbutton.png;program;]image_button_exit[11.72,-0.25;0.425,0.4;jeija_close_window.png;exit;]","ignore_offevents":"return {}","lc_memory":"return {[\"b\"] = false, [\"and2\"] = false, [\"d\"] = false, [\"a\"] = false, [\"c\"] = false, [\"and1\"] = false}","luac_id":"4614","real_portstates":"1"},"inventory":null},"(15,2,13)":{"fields":{"formspec":"field[text;;${text}]","infotext":"\"Input / Output 6\"","text":"Input / Output 6"},"inventory":null},"(15,2,8)":{"fields":{"formspec":"field[text;;${text}]","infotext":"\"Input 6\"","text":"Input 6"},"inventory":null},"(15,3,0)":{"fields":{"infotext":"FPGA (functional)","instr":"B&CA//////////////","portstates":"0000","valid":"1"},"inventory":null},"(15,3,15)":{"fields":{"infotext":"FPGA (functional)","instr":"B&CA//////////////","portstates":"0000","valid":"1"},"inventory":null},"(15,3,4)":{"fields":{"code":"-- Register D Latch (toggle D state when enabled)\n-- by So.Po.Coder for Minetest Mesecons Luacontroller\n-- A:clock, B:input, C:reset, D:output\r\rif (event.type == \"program\") then\r  mem.and1, mem.and2 = false, false\rend\r\rif (event.type == \"on\" or event.type == \"off\") then\n\n  -- reset latch to low\n  if (pin.c) then\n    port.d = false\n  end\n\r  -- get first two AND gates based on clock and data\r  if (pin.a and pin.b) then\n    mem.and1 = true\n  else\n    mem.and1 = false\n  end\n  if (pin.a and not pin.b) then\n    mem.and2 = true\n  else\n    mem.and2 = false\n  end\n\n  -- SR Latch\n  if (mem.and1) then\n    port.d = true\n  end\n  if (mem.and2) then\n    port.d = false\n  end\n\rend","formspec":"size[12,10]background[-0.2,-0.25;12.4,10.75;jeija_luac_background.png]label[0.1,8.3;]textarea[0.2,0.2;12.2,9.5;code;;-- Register D Latch (toggle D state when enabled)\n-- by So.Po.Coder for Minetest Mesecons Luacontroller\n-- A:clock\\, B:input\\, C:reset\\, D:output\r\rif (event.type == \"program\") then\r  mem.and1\\, mem.and2 = false\\, false\rend\r\rif (event.type == \"on\" or event.type == \"off\") then\n\n  -- reset latch to low\n  if (pin.c) then\n    port.d = false\n  end\n\r  -- get first two AND gates based on clock and data\r  if (pin.a and pin.b) then\n    mem.and1 = true\n  else\n    mem.and1 = false\n  end\n  if (pin.a and not pin.b) then\n    mem.and2 = true\n  else\n    mem.and2 = false\n  end\n\n  -- SR Latch\n  if (mem.and1) then\n    port.d = true\n  end\n  if (mem.and2) then\n    port.d = false\n  end\n\rend]image_button[4.75,8.75;2.5,1;jeija_luac_runbutton.png;program;]image_button_exit[11.72,-0.25;0.425,0.4;jeija_close_window.png;exit;]","ignore_offevents":"return {}","lc_memory":"return {[\"b\"] = false, [\"and2\"] = false, [\"and1\"] = false, [\"c\"] = false, [\"a\"] = false, [\"d\"] = false}","luac_id":"46183","real_portstates":"1"},"inventory":null},"(4,2,0)":{"fields":{"formspec":"field[text;;${text}]","infotext":"\"Output 5\"","text":"Output 5"},"inventory":null},"(4,2,2)":{"fields":{"formspec":"field[text;;${text}]","infotext":"\"Output 6\"","text":"Output 6"},"inventory":null},"(4,2,4)":{"fields":{"formspec":"field[text;;${text}]","infotext":"\"Output 7\"","text":"Output 7"},"inventory":null},"(4,2,6)":{"fields":{"formspec":"field[text;;${text}]","infotext":"\"Output 8\"","text":"Output 8"},"inventory":null},"(4,3,3)":{"fields":{"formspec":"field[text;;${text}]","infotext":"\"Instruction Register\"","text":"Instruction Register"},"inventory":null},"(9,2,13)":{"fields":{"formspec":"field[text;;${text}]","infotext":"\"Input / Output 8\"","text":"Input / Output 8"},"inventory":null},"(9,2,8)":{"fields":{"formspec":"field[text;;${text}]","infotext":"\"Input 8\"","text":"Input 8"},"inventory":null},"(9,3,0)":{"fields":{"infotext":"FPGA (functional)","instr":"B&CA//////////////","portstates":"0000","valid":"1"},"inventory":null},"(9,3,15)":{"fields":{"infotext":"FPGA (functional)","instr":"B&CA//////////////","portstates":"0000","valid":"1"},"inventory":null},"(9,3,4)":{"fields":{"code":"-- Register D Latch (toggle D state when enabled)\n-- by So.Po.Coder for Minetest Mesecons Luacontroller\n-- A:clock, B:input, C:reset, D:output\r\rif (event.type == \"program\") then\r  mem.and1, mem.and2 = false, false\rend\r\rif (event.type == \"on\" or event.type == \"off\") then\n\n  -- reset latch to low\n  if (pin.c) then\n    port.d = false\n  end\n\r  -- get first two AND gates based on clock and data\r  if (pin.a and pin.b) then\n    mem.and1 = true\n  else\n    mem.and1 = false\n  end\n  if (pin.a and not pin.b) then\n    mem.and2 = true\n  else\n    mem.and2 = false\n  end\n\n  -- SR Latch\n  if (mem.and1) then\n    port.d = true\n  end\n  if (mem.and2) then\n    port.d = false\n  end\n\rend","formspec":"size[12,10]background[-0.2,-0.25;12.4,10.75;jeija_luac_background.png]label[0.1,8.3;]textarea[0.2,0.2;12.2,9.5;code;;-- Register D Latch (toggle D state when enabled)\n-- by So.Po.Coder for Minetest Mesecons Luacontroller\n-- A:clock\\, B:input\\, C:reset\\, D:output\r\rif (event.type == \"program\") then\r  mem.and1\\, mem.and2 = false\\, false\rend\r\rif (event.type == \"on\" or event.type == \"off\") then\n\n  -- reset latch to low\n  if (pin.c) then\n    port.d = false\n  end\n\r  -- get first two AND gates based on clock and data\r  if (pin.a and pin.b) then\n    mem.and1 = true\n  else\n    mem.and1 = false\n  end\n  if (pin.a and not pin.b) then\n    mem.and2 = true\n  else\n    mem.and2 = false\n  end\n\n  -- SR Latch\n  if (mem.and1) then\n    port.d = true\n  end\n  if (mem.and2) then\n    port.d = false\n  end\n\rend]image_button[4.75,8.75;2.5,1;jeija_luac_runbutton.png;program;]image_button_exit[11.72,-0.25;0.425,0.4;jeija_close_window.png;exit;]","ignore_offevents":"return {}","lc_memory":"return {[\"b\"] = false, [\"and2\"] = false, [\"and1\"] = false, [\"c\"] = false, [\"a\"] = false, [\"d\"] = false}","luac_id":"50873","real_portstates":"1"},"inventory":null}},"timers":null},"(4,2,4)":{"meta":{"(10,3,14)":{"fields":{"infotext":"FPGA (functional)","instr":"B&AC//////////////","portstates":"0000","valid":"1"},"inventory":null},"(12,2,12)":{"fields":{"formspec":"field[text;;${text}]","infotext":"\"Output 7\"","text":"Output 7"},"inventory":null},"(12,2,7)":{"fields":{"formspec":"field[text;;${text}]","infotext":"\"Input / Output 7\"","text":"Input / Output 7"},"inventory":null},"(12,3,3)":{"fields":{"code":"-- Register D Latch (toggle D state when enabled)\n-- by So.Po.Coder for Minetest Mesecons Luacontroller\n-- A:clock, B:input, C:reset, D:output\r\rif (event.type == \"program\") then\r  mem.and1, mem.and2 = false, false\rend\r\rif (event.type == \"on\" or event.type == \"off\") then\n\n  -- reset latch to low\n  if (pin.c) then\n    port.d = false\n  end\n\r  -- get first two AND gates based on clock and data\r  if (pin.a and pin.b) then\n    mem.and1 = true\n  else\n    mem.and1 = false\n  end\n  if (pin.a and not pin.b) then\n    mem.and2 = true\n  else\n    mem.and2 = false\n  end\n\n  -- SR Latch\n  if (mem.and1) then\n    port.d = true\n  end\n  if (mem.and2) then\n    port.d = false\n  end\n\rend","formspec":"size[12,10]background[-0.2,-0.25;12.4,10.75;jeija_luac_background.png]label[0.1,8.3;]textarea[0.2,0.2;12.2,9.5;code;;-- Register D Latch (toggle D state when enabled)\n-- by So.Po.Coder for Minetest Mesecons Luacontroller\n-- A:clock\\, B:input\\, C:reset\\, D:output\r\rif (event.type == \"program\") then\r  mem.and1\\, mem.and2 = false\\, false\rend\r\rif (event.type == \"on\" or event.type == \"off\") then\n\n  -- reset latch to low\n  if (pin.c) then\n    port.d = false\n  end\n\r  -- get first two AND gates based on clock and data\r  if (pin.a and pin.b) then\n    mem.and1 = true\n  else\n    mem.and1 = false\n  end\n  if (pin.a and not pin.b) then\n    mem.and2 = true\n  else\n    mem.and2 = false\n  end\n\n  -- SR Latch\n  if (mem.and1) then\n    port.d = true\n  end\n  if (mem.and2) then\n    port.d = false\n  end\n\rend]image_button[4.75,8.75;2.5,1;jeija_luac_runbutton.png;program;]image_button_exit[11.72,-0.25;0.425,0.4;jeija_close_window.png;exit;]","ignore_offevents":"return {}","lc_memory":"return {[\"b\"] = false, [\"and2\"] = false, [\"d\"] = false, [\"and1\"] = false, [\"a\"] = false, [\"c\"] = false}","luac_id":"14024","real_portstates":"1"},"inventory":null},"(13,3,14)":{"fields":{"infotext":"FPGA (functional)","instr":"B&AC//////////////","portstates":"0000","valid":"1"},"inventory":null},"(15,2,12)":{"fields":{"formspec":"field[text;;${text}]","infotext":"\"Output 6\"","text":"Output 6"},"inventory":null},"(15,2,7)":{"fields":{"formspec":"field[text;;${text}]","infotext":"\"Input / Output 6\"","text":"Input / Output 6"},"inventory":null},"(15,3,3)":{"fields":{"code":"-- Register D Latch (toggle D state when enabled)\n-- by So.Po.Coder for Minetest Mesecons Luacontroller\n-- A:clock, B:input, C:reset, D:output\r\rif (event.type == \"program\") then\r  mem.and1, mem.and2 = false, false\rend\r\rif (event.type == \"on\" or event.type == \"off\") then\n\n  -- reset latch to low\n  if (pin.c) then\n    port.d = false\n  end\n\r  -- get first two AND gates based on clock and data\r  if (pin.a and pin.b) then\n    mem.and1 = true\n  else\n    mem.and1 = false\n  end\n  if (pin.a and not pin.b) then\n    mem.and2 = true\n  else\n    mem.and2 = false\n  end\n\n  -- SR Latch\n  if (mem.and1) then\n    port.d = true\n  end\n  if (mem.and2) then\n    port.d = false\n  end\n\rend","formspec":"size[12,10]background[-0.2,-0.25;12.4,10.75;jeija_luac_background.png]label[0.1,8.3;]textarea[0.2,0.2;12.2,9.5;code;;-- Register D Latch (toggle D state when enabled)\n-- by So.Po.Coder for Minetest Mesecons Luacontroller\n-- A:clock\\, B:input\\, C:reset\\, D:output\r\rif (event.type == \"program\") then\r  mem.and1\\, mem.and2 = false\\, false\rend\r\rif (event.type == \"on\" or event.type == \"off\") then\n\n  -- reset latch to low\n  if (pin.c) then\n    port.d = false\n  end\n\r  -- get first two AND gates based on clock and data\r  if (pin.a and pin.b) then\n    mem.and1 = true\n  else\n    mem.and1 = false\n  end\n  if (pin.a and not pin.b) then\n    mem.and2 = true\n  else\n    mem.and2 = false\n  end\n\n  -- SR Latch\n  if (mem.and1) then\n    port.d = true\n  end\n  if (mem.and2) then\n    port.d = false\n  end\n\rend]image_button[4.75,8.75;2.5,1;jeija_luac_runbutton.png;program;]image_button_exit[11.72,-0.25;0.425,0.4;jeija_close_window.png;exit;]","ignore_offevents":"return {}","lc_memory":"return {[\"b\"] = false, [\"and2\"] = false, [\"and1\"] = false, [\"d\"] = false, [\"c\"] = false, [\"a\"] = false}","luac_id":"64172","real_portstates":"1"},"inventory":null},"(4,3,2)":{"fields":{"formspec":"field[text;;${text}]","infotext":"\"8 Bit Register\"","text":"8 Bit Register"},"inventory":null},"(7,3,14)":{"fields":{"infotext":"FPGA (functional)","instr":"B&AC//////////////","portstates":"0000","valid":"1"},"inventory":null},"(9,2,12)":{"fields":{"formspec":"field[text;;${text}]","infotext":"\"Output 8\"","text":"Output 8"},"inventory":null},"(9,2,7)":{"fields":{"formspec":"field[text;;${text}]","infotext":"\"Input / Output 8\"","text":"Input / Output 8"},"inventory":null},"(9,3,3)":{"fields":{"code":"-- Register D Latch (toggle D state when enabled)\n-- by So.Po.Coder for Minetest Mesecons Luacontroller\n-- A:clock, B:input, C:reset, D:output\r\rif (event.type == \"program\") then\r  mem.and1, mem.and2 = false, false\rend\r\rif (event.type == \"on\" or event.type == \"off\") then\n\n  -- reset latch to low\n  if (pin.c) then\n    port.d = false\n  end\n\r  -- get first two AND gates based on clock and data\r  if (pin.a and pin.b) then\n    mem.and1 = true\n  else\n    mem.and1 = false\n  end\n  if (pin.a and not pin.b) then\n    mem.and2 = true\n  else\n    mem.and2 = false\n  end\n\n  -- SR Latch\n  if (mem.and1) then\n    port.d = true\n  end\n  if (mem.and2) then\n    port.d = false\n  end\n\rend","formspec":"size[12,10]background[-0.2,-0.25;12.4,10.75;jeija_luac_background.png]label[0.1,8.3;]textarea[0.2,0.2;12.2,9.5;code;;-- Register D Latch (toggle D state when enabled)\n-- by So.Po.Coder for Minetest Mesecons Luacontroller\n-- A:clock\\, B:input\\, C:reset\\, D:output\r\rif (event.type == \"program\") then\r  mem.and1\\, mem.and2 = false\\, false\rend\r\rif (event.type == \"on\" or event.type == \"off\") then\n\n  -- reset latch to low\n  if (pin.c) then\n    port.d = false\n  end\n\r  -- get first two AND gates based on clock and data\r  if (pin.a and pin.b) then\n    mem.and1 = true\n  else\n    mem.and1 = false\n  end\n  if (pin.a and not pin.b) then\n    mem.and2 = true\n  else\n    mem.and2 = false\n  end\n\n  -- SR Latch\n  if (mem.and1) then\n    port.d = true\n  end\n  if (mem.and2) then\n    port.d = false\n  end\n\rend]image_button[4.75,8.75;2.5,1;jeija_luac_runbutton.png;program;]image_button_exit[11.72,-0.25;0.425,0.4;jeija_close_window.png;exit;]","ignore_offevents":"return {}","lc_memory":"return {[\"b\"] = false, [\"and2\"] = false, [\"d\"] = false, [\"a\"] = false, [\"c\"] = false, [\"and1\"] = false}","luac_id":"17905","real_portstates":"1"},"inventory":null}},"timers":null}}