{"(0,0,0)":{"meta":{"(3,14,2)":{"fields":{"palette_index":"240"},"inventory":null},"(4,13,1)":{"fields":{"display_text":"Insulator clips 2","formspec":"size[6,2]field[0.5,0.7;5.5,1;display_text;\u001b(T@signs_api)Text\u001bE;Insulator clips 2]button[1,1.2;2,1;font;\u001b(T@signs_api)Font\u001bE]button_exit[3,1.2;2,1;ok;\u001b(T@signs_api)Write\u001bE]","infotext":"\"Insulator clips 2\"\n(right-click to read more text)","text":"same as the one to the left but with another model"},"inventory":null},"(5,14,2)":{"fields":{"palette_index":"240"},"inventory":null},"(9,13,1)":{"fields":{"display_text":"Power monitor","formspec":"size[6,2]field[0.5,0.7;5.5,1;display_text;\u001b(T@signs_api)Text\u001bE;Power monitor]button[1,1.2;2,1;font;\u001b(T@signs_api)Font\u001bE]button_exit[3,1.2;2,1;ok;\u001b(T@signs_api)Write\u001bE]","infotext":"\"Power monitor\"\n(right-click to read more text)","text":"Useful to check on the power usage on a remote part of the circuit."},"inventory":null},"(9,14,2)":{"fields":{"formspec":"field[channel;Channel;${channel}]","infotext":"\u001b(T@technic)Power Monitor Has No Network\u001bE"},"inventory":null}},"timers":null},"(1,0,0)":{"meta":{"(15,13,0)":{"fields":{"display_text":"Hydro setup","formspec":"size[6,2]field[0.5,0.7;5.5,1;display_text;\u001b(T@signs_api)Text\u001bE;Hydro setup]button[1,1.2;2,1;font;\u001b(T@signs_api)Font\u001bE]button_exit[3,1.2;2,1;ok;\u001b(T@signs_api)Write\u001bE]","infotext":"\"Hydro setup\"\n(right-click to read more text)","text":"This is a 100% efficiency hydro-setup\n\nThe water flows on all 4 cardinal directions around the generator"},"inventory":null},"(15,15,2)":{"fields":{"MV_EU_supply":"0","infotext":"\u001b(T@technic)\u001bF\u001b(T@technic)Hydro \u001bF\u001b(T@technic)MV\u001bE\u001bE Generator\u001bE\u001bE (\u001bF100\u001bE% Efficiency)\u001bE"},"inventory":null},"(3,15,13)":{"fields":{"display_text":"About","formspec":"size[6,2]field[0.5,0.7;5.5,1;display_text;\u001b(T@signs_api)Text\u001bE;About]button[1,1.2;2,1;font;\u001b(T@signs_api)Font\u001bE]button_exit[3,1.2;2,1;ok;\u001b(T@signs_api)Write\u001bE]","infotext":"\"About\"\n(right-click to read more text)","text":"This section is about the \"technic\" and \"pipeworks\" mod\nThe technic mod adds various machines and tools to automate your otherwise manual tasks\n\nThere are a few forks available, this example uses the one from the \"mt-mods\" group:\n\nGit: https://github.com/mt-mods/technic\n\nThe pipeworks mod adds tubes to transport items"},"inventory":null}},"timers":null},"(1,1,0)":{"meta":{"(3,1,13)":{"fields":{"display_text":"Pipeworks","font":"metro","formspec":"size[6,2]field[0.5,0.7;5.5,1;display_text;\u001b(T@signs_api)Text\u001bE;Pipeworks]button[1,1.2;2,1;font;\u001b(T@signs_api)Font\u001bE]button_exit[3,1.2;2,1;ok;\u001b(T@signs_api)Write\u001bE]","infotext":"\"Pipeworks\""},"inventory":null},"(9,1,13)":{"fields":{"display_text":"Technic","font":"metro","formspec":"size[6,2]field[0.5,0.7;5.5,1;display_text;\u001b(T@signs_api)Text\u001bE;Technic]button[1,1.2;2,1;font;\u001b(T@signs_api)Font\u001bE]button_exit[3,1.2;2,1;ok;\u001b(T@signs_api)Write\u001bE]","infotext":"\"Technic\""},"inventory":null}},"timers":null},"(2,0,0)":{"meta":{"(10,14,0)":{"fields":{"code":"-- initialize\nif event.type == \"program\" then\n interrupt(0)\nend\n\n-- Send GET request to switch\nif event.type == \"interrupt\" then\n digiline_send(\"switch\", \"GET\")\n -- restart interrupt loop\n interrupt(1)\nend\n\n-- handle digiline response\nif event.type == \"digiline\" and event.channel == \"switch\" then\n local txt = \"Demand: \" .. event.msg.demand .. \"\\n\" ..\n  \"Supply: \" .. event.msg.supply .. \"\\n\" ..\n  \"Lag: \" .. event.msg.lag .. \"us\"\n digiline_send(\"lcd\", txt)\nend","errmsg":"(load):17: attempt to concatenate field 'lag' (a nil value)","formspec":"formspec_version[4]size[15,12]style_type[label,textarea,field;font=mono]style_type[textarea;textcolor=#ffffff]background[0,0;15,12;jeija_luac_background.png]tabheader[0,0;tab;Code,Terminal,Help,Examples;1]image_button_exit[14.5,0;0.425,0.4;jeija_close_window.png;exit;]label[0.1,10;(load):17: attempt to concatenate field 'lag' (a nil value)]textarea[0.25,0.6;14.5,9.05;code;;-- initialize\nif event.type == \"program\" then\n interrupt(0)\nend\n\n-- Send GET request to switch\nif event.type == \"interrupt\" then\n digiline_send(\"switch\"\\, \"GET\")\n -- restart interrupt loop\n interrupt(1)\nend\n\n-- handle digiline response\nif event.type == \"digiline\" and event.channel == \"switch\" then\n local txt = \"Demand: \" .. event.msg.demand .. \"\\\\n\" ..\n  \"Supply: \" .. event.msg.supply .. \"\\\\n\" ..\n  \"Lag: \" .. event.msg.lag .. \"us\"\n digiline_send(\"lcd\"\\, txt)\nend]image_button[6.25,10.25;2.5,1;jeija_luac_runbutton.png;program;]","lc_memory":"return {}","luac_id":"46432","real_portstates":"1","tab":"1","terminal_text":"[ERROR] (load):17: attempt to concatenate field 'lag' (a nil value)"},"inventory":null},"(10,14,1)":{"fields":{"channel":"switch","formspec":"field[channel;Channel;${channel}]","infotext":"\u001b(T@technic)\u001bF\u001b(T@technic)Switching Station\u001bE\u001bE. Supply:\u00a0\u001bF0\u00a0EU\u001bE Demand:\u00a0\u001bF0\u00a0EU\u001bE\u001bE"},"inventory":null},"(2,13,0)":{"fields":{"display_text":"On/Off switch","formspec":"size[6,2]field[0.5,0.7;5.5,1;display_text;\u001b(T@signs_api)Text\u001bE;On/Off switch]button[1,1.2;2,1;font;\u001b(T@signs_api)Font\u001bE]button_exit[3,1.2;2,1;ok;\u001b(T@signs_api)Write\u001bE]","infotext":"\"On/Off switch\"\n(right-click to read more text)","text":"This is an example of a mesecons-actuated power-switch.\n\nIt moves a node out of the cable and cuts the connection."},"inventory":null},"(4,13,1)":{"fields":{"owner":"singleplayer"},"inventory":null},"(8,13,1)":{"fields":{"display_text":"LV Furnace","infotext":"\"LV Furnace\"\n(right-click to read more text)","text":"Works like a regular furnace but uses power instead of combustible items.\n\nYou can test it with some cobble in the chest to the right.\n\nNOTE: this only works if you put the coal into the LV Generator on the start of this section to produce some energy."},"inventory":null},"(9,13,0)":{"fields":{"display_text":"Switch info","formspec":"size[6,2]field[0.5,0.7;5.5,1;display_text;\u001b(T@signs_api)Text\u001bE;Switch info]button[1,1.2;2,1;font;\u001b(T@signs_api)Font\u001bE]button_exit[3,1.2;2,1;ok;\u001b(T@signs_api)Write\u001bE]","infotext":"\"Switch info\"\n(right-click to read more text)","text":"This shows how to use a luacontroller to extract supply, demand and lag infos from a switching station"},"inventory":null}},"timers":{"(10,14,1)":{"elapsed":0.0,"timeout":1.0}}}}