{"(0,0,0)":{"meta":{"(9,14,2)":{"fields":{"formspec":"field[channel;Channel;${channel}]","infotext":"\u001b(T@technic)Power Monitor. Supply: \u001bF0\u00a0EU\u001bE Demand: \u001bF0\u00a0EU\u001bE\u001bE"},"inventory":null}},"timers":null},"(1,1,0)":{"meta":{"(6,1,13)":{"fields":{"display_text":"Technic","font":"metro","formspec":"size[6,2]field[0.5,0.7;5.5,1;display_text;Text;${display_text}]button[1,1.2;2,1;font;Font]button_exit[3,1.2;2,1;ok;Write]","infotext":"\"Technic\""},"inventory":null}},"timers":null}}