{"(0,0,0)":{"meta":{"(3,14,2)":{"fields":{"palette_index":"240"},"inventory":null},"(4,13,1)":{"fields":{"display_text":"Insulator clips 2","infotext":"\"Insulator clips 2\"\n(right-click to read more text)","text":"same as the one to the left but with another model"},"inventory":null},"(5,14,2)":{"fields":{"palette_index":"240"},"inventory":null},"(9,13,1)":{"fields":{"display_text":"Power monitor","infotext":"\"Power monitor\"\n(right-click to read more text)","text":"Useful to check on the power usage on a remote part of the circuit."},"inventory":null},"(9,14,2)":{"fields":{"formspec":"field[channel;Channel;${channel}]","infotext":"\u001b(T@technic)Power Monitor. Supply: \u001bF0\u00a0EU\u001bE Demand: \u001bF0\u00a0EU\u001bE\u001bE"},"inventory":null}},"timers":null},"(1,0,0)":{"meta":{"(3,15,13)":{"fields":{"display_text":"About","infotext":"\"About\"\n(right-click to read more text)","text":"This section is about the \"technic\" mod\nThe technic mod adds various machines and tools to automate your otherwise manual tasks\n\nThere are a few forks available, this example uses the one from the \"mt-mods\" group:\n\nGit: https://github.com/mt-mods/technic"},"inventory":null}},"timers":null},"(1,1,0)":{"meta":{"(6,1,13)":{"fields":{"display_text":"Technic","font":"metro","formspec":"size[6,2]field[0.5,0.7;5.5,1;display_text;Text;${display_text}]button[1,1.2;2,1;font;Font]button_exit[3,1.2;2,1;ok;Write]","infotext":"\"Technic\""},"inventory":null}},"timers":null}}