{"(0,2,0)":{"meta":{"(10,1,10)":{"fields":{"infotext":"FPGA (functional)","instr":" ~C0/0&DB/ ~D1/1&CA///////////","portstates":"0000","valid":"1"},"inventory":null},"(10,1,12)":{"fields":{"infotext":"FPGA (functional)","instr":" ~C0/0&DB/ ~D1/1&CA///////////","portstates":"0000","valid":"1"},"inventory":null},"(10,1,14)":{"fields":{"infotext":"FPGA (functional)","instr":" ~C0/0&DB/ ~D1/1&CA///////////","portstates":"0000","valid":"1"},"inventory":null},"(10,1,4)":{"fields":{"infotext":"FPGA (functional)","instr":" ~C0/0&DB/ ~D1/1&CA///////////","portstates":"0000","valid":"1"},"inventory":null},"(10,1,6)":{"fields":{"infotext":"FPGA (functional)","instr":" ~C0/0&DB/ ~D1/1&CA///////////","portstates":"0000","valid":"1"},"inventory":null},"(10,1,8)":{"fields":{"infotext":"FPGA (functional)","instr":" ~C0/0&DB/ ~D1/1&CA///////////","portstates":"0000","valid":"1"},"inventory":null},"(11,1,0)":{"fields":{"formspec":"field[text;;${text}]","infotext":"\u001b(T@default)\"\u001bF8\u001bE\"\u001bE","text":"8"},"inventory":null},"(14,1,10)":{"fields":{"infotext":"FPGA (functional)","instr":" ~C0/0&DB/ ~D1/1&CA///////////","portstates":"0000","valid":"1"},"inventory":null},"(14,1,12)":{"fields":{"infotext":"FPGA (functional)","instr":" ~C0/0&DB/ ~D1/1&CA///////////","portstates":"0000","valid":"1"},"inventory":null},"(14,1,14)":{"fields":{"infotext":"FPGA (functional)","instr":" ~C0/0&DB/ ~D1/1&CA///////////","portstates":"0000","valid":"1"},"inventory":null},"(14,1,4)":{"fields":{"infotext":"FPGA (functional)","instr":" ~C0/0&DB/ ~D1/1&CA///////////","portstates":"0000","valid":"1"},"inventory":null},"(14,1,6)":{"fields":{"infotext":"FPGA (functional)","instr":" ~C0/0&DB/ ~D1/1&CA///////////","portstates":"0000","valid":"1"},"inventory":null},"(14,1,8)":{"fields":{"infotext":"FPGA (functional)","instr":" ~C0/0&DB/ ~D1/1&CA///////////","portstates":"0000","valid":"1"},"inventory":null},"(15,1,0)":{"fields":{"formspec":"field[text;;${text}]","infotext":"\u001b(T@default)\"\u001bF7\u001bE\"\u001bE","text":"7"},"inventory":null},"(2,1,10)":{"fields":{"infotext":"FPGA (functional)","instr":" ~C0/0&DB/ ~D1/1&CA///////////","portstates":"0000","valid":"1"},"inventory":null},"(2,1,12)":{"fields":{"infotext":"FPGA (functional)","instr":" ~C0/0&DB/ ~D1/1&CA///////////","portstates":"0000","valid":"1"},"inventory":null},"(2,1,14)":{"fields":{"infotext":"FPGA (functional)","instr":" ~C0/0&DB/ ~D1/1&CA///////////","portstates":"0000","valid":"1"},"inventory":null},"(2,1,4)":{"fields":{"infotext":"FPGA (functional)","instr":" ~C0/0&DB/ ~D1/1&CA///////////","portstates":"0000","valid":"1"},"inventory":null},"(2,1,6)":{"fields":{"infotext":"FPGA (functional)","instr":" ~C0/0&DB/ ~D1/1&CA///////////","portstates":"0000","valid":"1"},"inventory":null},"(2,1,8)":{"fields":{"infotext":"FPGA (functional)","instr":" ~C0/0&DB/ ~D1/1&CA///////////","portstates":"0000","valid":"1"},"inventory":null},"(3,1,0)":{"fields":{"formspec":"field[text;;${text}]","infotext":"\u001b(T@default)\"\u001bF10\u001bE\"\u001bE","text":"10"},"inventory":null},"(6,1,10)":{"fields":{"infotext":"FPGA (functional)","instr":" ~C0/0&DB/ ~D1/1&CA///////////","portstates":"0000","valid":"1"},"inventory":null},"(6,1,12)":{"fields":{"infotext":"FPGA (functional)","instr":" ~C0/0&DB/ ~D1/1&CA///////////","portstates":"0000","valid":"1"},"inventory":null},"(6,1,14)":{"fields":{"infotext":"FPGA (functional)","instr":" ~C0/0&DB/ ~D1/1&CA///////////","portstates":"0000","valid":"1"},"inventory":null},"(6,1,4)":{"fields":{"infotext":"FPGA (functional)","instr":" ~C0/0&DB/ ~D1/1&CA///////////","portstates":"0000","valid":"1"},"inventory":null},"(6,1,6)":{"fields":{"infotext":"FPGA (functional)","instr":" ~C0/0&DB/ ~D1/1&CA///////////","portstates":"0000","valid":"1"},"inventory":null},"(6,1,8)":{"fields":{"infotext":"FPGA (functional)","instr":" ~C0/0&DB/ ~D1/1&CA///////////","portstates":"0000","valid":"1"},"inventory":null},"(7,1,0)":{"fields":{"formspec":"field[text;;${text}]","infotext":"\u001b(T@default)\"\u001bF9\u001bE\"\u001bE","text":"9"},"inventory":null}},"timers":null},"(0,2,1)":{"meta":{"(10,1,0)":{"fields":{"infotext":"FPGA (functional)","instr":" ~C0/0&DB/ ~D1/1&CA///////////","portstates":"0000","valid":"1"},"inventory":null},"(10,1,2)":{"fields":{"infotext":"FPGA (functional)","instr":" ~C0/0&DB/ ~D1/1&CA///////////","portstates":"0000","valid":"1"},"inventory":null},"(10,1,4)":{"fields":{"infotext":"FPGA (functional)","instr":" ~C0/0&DB/ ~D1/1&CA///////////","portstates":"0000","valid":"1"},"inventory":null},"(10,1,6)":{"fields":{"infotext":"FPGA (functional)","instr":" ~C0/0&DB/ ~D1/1&CA///////////","portstates":"0000","valid":"1"},"inventory":null},"(14,1,0)":{"fields":{"infotext":"FPGA (functional)","instr":" ~C0/0&DB/ ~D1/1&CA///////////","portstates":"0000","valid":"1"},"inventory":null},"(14,1,2)":{"fields":{"infotext":"FPGA (functional)","instr":" ~C0/0&DB/ ~D1/1&CA///////////","portstates":"0000","valid":"1"},"inventory":null},"(14,1,4)":{"fields":{"infotext":"FPGA (functional)","instr":" ~C0/0&DB/ ~D1/1&CA///////////","portstates":"0000","valid":"1"},"inventory":null},"(14,1,6)":{"fields":{"infotext":"FPGA (functional)","instr":" ~C0/0&DB/ ~D1/1&CA///////////","portstates":"0000","valid":"1"},"inventory":null},"(2,1,0)":{"fields":{"infotext":"FPGA (functional)","instr":" ~C0/0&DB/ ~D1/1&CA///////////","portstates":"0000","valid":"1"},"inventory":null},"(2,1,2)":{"fields":{"infotext":"FPGA (functional)","instr":" ~C0/0&DB/ ~D1/1&CA///////////","portstates":"0000","valid":"1"},"inventory":null},"(2,1,4)":{"fields":{"infotext":"FPGA (functional)","instr":" ~C0/0&DB/ ~D1/1&CA///////////","portstates":"0000","valid":"1"},"inventory":null},"(2,1,6)":{"fields":{"infotext":"FPGA (functional)","instr":" ~C0/0&DB/ ~D1/1&CA///////////","portstates":"0000","valid":"1"},"inventory":null},"(6,1,0)":{"fields":{"infotext":"FPGA (functional)","instr":" ~C0/0&DB/ ~D1/1&CA///////////","portstates":"0000","valid":"1"},"inventory":null},"(6,1,2)":{"fields":{"infotext":"FPGA (functional)","instr":" ~C0/0&DB/ ~D1/1&CA///////////","portstates":"0000","valid":"1"},"inventory":null},"(6,1,4)":{"fields":{"infotext":"FPGA (functional)","instr":" ~C0/0&DB/ ~D1/1&CA///////////","portstates":"0000","valid":"1"},"inventory":null},"(6,1,6)":{"fields":{"infotext":"FPGA (functional)","instr":" ~C0/0&DB/ ~D1/1&CA///////////","portstates":"0000","valid":"1"},"inventory":null}},"timers":null},"(0,2,2)":{"meta":{"(5,2,3)":{"fields":{"display_text":"License","infotext":"\"License\"\n(right-click to read more text)","text":"CC BY SA 4.0\n\nBuilt by So.Po.Coder\nhttps://forum.minetest.net/viewtopic.php?f=12&t=24034"},"inventory":null},"(5,3,3)":{"fields":{"display_text":"Register Demo","infotext":"\"Register Demo\"\n(right-click to read more text)","text":"Some demos of 8 bit registers for testing. In addition to input/output pins, all registers include clock, reset, enable in and enable out pins. The shift register has one serial in rather than 8 input pins. Included registers from front to back are:\n\n    8 Bit Shift Register (Serial -> Parallel)\n    8 Bit Register\n    8 Bit Instruction Register"},"inventory":null}},"timers":null},"(0,2,3)":{"meta":{"(11,2,13)":{"fields":{"formspec":"field[text;;${text}]","infotext":"\"Input / Output 2\"","text":"Input / Output 2"},"inventory":null},"(11,2,8)":{"fields":{"formspec":"field[text;;${text}]","infotext":"\"Input / Output 2\"","text":"Input / Output 2"},"inventory":null},"(11,3,0)":{"fields":{"infotext":"FPGA (functional)","instr":"B&CA//////////////","portstates":"0000","valid":"1"},"inventory":null},"(11,3,15)":{"fields":{"infotext":"FPGA (functional)","instr":"B&CA//////////////","portstates":"0000","valid":"1"},"inventory":null},"(11,3,4)":{"fields":{"code":"-- Register D Latch (toggle D state when enabled)\n-- by So.Po.Coder for Minetest Mesecons Luacontroller\n-- A:clock, B:input, C:reset, D:output\r\rif (event.type == \"program\") then\r  mem.and1, mem.and2 = false, false\rend\r\rif (event.type == \"on\" or event.type == \"off\") then\n\n  -- reset latch to low\n  if (pin.c) then\n    port.d = false\n  end\n\r  -- get first two AND gates based on clock and data\r  if (pin.a and pin.b) then\n    mem.and1 = true\n  else\n    mem.and1 = false\n  end\n  if (pin.a and not pin.b) then\n    mem.and2 = true\n  else\n    mem.and2 = false\n  end\n\n  -- SR Latch\n  if (mem.and1) then\n    port.d = true\n  end\n  if (mem.and2) then\n    port.d = false\n  end\n\rend","formspec":"size[12,10]background[-0.2,-0.25;12.4,10.75;jeija_luac_background.png]label[0.1,8.3;]textarea[0.2,0.2;12.2,9.5;code;;-- Register D Latch (toggle D state when enabled)\n-- by So.Po.Coder for Minetest Mesecons Luacontroller\n-- A:clock\\, B:input\\, C:reset\\, D:output\r\rif (event.type == \"program\") then\r  mem.and1\\, mem.and2 = false\\, false\rend\r\rif (event.type == \"on\" or event.type == \"off\") then\n\n  -- reset latch to low\n  if (pin.c) then\n    port.d = false\n  end\n\r  -- get first two AND gates based on clock and data\r  if (pin.a and pin.b) then\n    mem.and1 = true\n  else\n    mem.and1 = false\n  end\n  if (pin.a and not pin.b) then\n    mem.and2 = true\n  else\n    mem.and2 = false\n  end\n\n  -- SR Latch\n  if (mem.and1) then\n    port.d = true\n  end\n  if (mem.and2) then\n    port.d = false\n  end\n\rend]image_button[4.75,8.75;2.5,1;jeija_luac_runbutton.png;program;]image_button_exit[11.72,-0.25;0.425,0.4;jeija_close_window.png;exit;]","ignore_offevents":"return {}","lc_memory":"return {[\"b\"] = true, [\"and2\"] = false, [\"and1\"] = false, [\"c\"] = false, [\"a\"] = false, [\"d\"] = false}","luac_id":"19972","real_portstates":"1"},"inventory":null},"(14,2,13)":{"fields":{"formspec":"field[text;;${text}]","infotext":"\"Input / Output 1\"","text":"Input / Output 1"},"inventory":null},"(14,2,8)":{"fields":{"formspec":"field[text;;${text}]","infotext":"\"Input / Output 1\"","text":"Input / Output 1"},"inventory":null},"(14,3,0)":{"fields":{"infotext":"FPGA (functional)","instr":"B&CA//////////////","portstates":"0000","valid":"1"},"inventory":null},"(14,3,15)":{"fields":{"infotext":"FPGA (functional)","instr":"B&CA//////////////","portstates":"0000","valid":"1"},"inventory":null},"(14,3,4)":{"fields":{"code":"-- Register D Latch (toggle D state when enabled)\n-- by So.Po.Coder for Minetest Mesecons Luacontroller\n-- A:clock, B:input, C:reset, D:output\r\rif (event.type == \"program\") then\r  mem.and1, mem.and2 = false, false\rend\r\rif (event.type == \"on\" or event.type == \"off\") then\n\n  -- reset latch to low\n  if (pin.c) then\n    port.d = false\n  end\n\r  -- get first two AND gates based on clock and data\r  if (pin.a and pin.b) then\n    mem.and1 = true\n  else\n    mem.and1 = false\n  end\n  if (pin.a and not pin.b) then\n    mem.and2 = true\n  else\n    mem.and2 = false\n  end\n\n  -- SR Latch\n  if (mem.and1) then\n    port.d = true\n  end\n  if (mem.and2) then\n    port.d = false\n  end\n\rend","formspec":"size[12,10]background[-0.2,-0.25;12.4,10.75;jeija_luac_background.png]label[0.1,8.3;]textarea[0.2,0.2;12.2,9.5;code;;-- Register D Latch (toggle D state when enabled)\n-- by So.Po.Coder for Minetest Mesecons Luacontroller\n-- A:clock\\, B:input\\, C:reset\\, D:output\r\rif (event.type == \"program\") then\r  mem.and1\\, mem.and2 = false\\, false\rend\r\rif (event.type == \"on\" or event.type == \"off\") then\n\n  -- reset latch to low\n  if (pin.c) then\n    port.d = false\n  end\n\r  -- get first two AND gates based on clock and data\r  if (pin.a and pin.b) then\n    mem.and1 = true\n  else\n    mem.and1 = false\n  end\n  if (pin.a and not pin.b) then\n    mem.and2 = true\n  else\n    mem.and2 = false\n  end\n\n  -- SR Latch\n  if (mem.and1) then\n    port.d = true\n  end\n  if (mem.and2) then\n    port.d = false\n  end\n\rend]image_button[4.75,8.75;2.5,1;jeija_luac_runbutton.png;program;]image_button_exit[11.72,-0.25;0.425,0.4;jeija_close_window.png;exit;]","ignore_offevents":"return {}","lc_memory":"return {[\"b\"] = false, [\"and2\"] = false, [\"and1\"] = false, [\"c\"] = false, [\"a\"] = false, [\"d\"] = false}","luac_id":"63329","real_portstates":"1"},"inventory":null},"(2,2,13)":{"fields":{"formspec":"field[text;;${text}]","infotext":"\"Input / Output 5\"","text":"Input / Output 5"},"inventory":null},"(2,2,8)":{"fields":{"formspec":"field[text;;${text}]","infotext":"\"Input 5\"","text":"Input 5"},"inventory":null},"(2,3,0)":{"fields":{"infotext":"FPGA (functional)","instr":"B&CA//////////////","portstates":"0000","valid":"1"},"inventory":null},"(2,3,15)":{"fields":{"infotext":"FPGA (functional)","instr":"B&CA//////////////","portstates":"0000","valid":"1"},"inventory":null},"(2,3,4)":{"fields":{"code":"-- Register D Latch (toggle D state when enabled)\n-- by So.Po.Coder for Minetest Mesecons Luacontroller\n-- A:clock, B:input, C:reset, D:output\r\rif (event.type == \"program\") then\r  mem.and1, mem.and2 = false, false\rend\r\rif (event.type == \"on\" or event.type == \"off\") then\n\n  -- reset latch to low\n  if (pin.c) then\n    port.d = false\n  end\n\r  -- get first two AND gates based on clock and data\r  if (pin.a and pin.b) then\n    mem.and1 = true\n  else\n    mem.and1 = false\n  end\n  if (pin.a and not pin.b) then\n    mem.and2 = true\n  else\n    mem.and2 = false\n  end\n\n  -- SR Latch\n  if (mem.and1) then\n    port.d = true\n  end\n  if (mem.and2) then\n    port.d = false\n  end\n\rend","formspec":"size[12,10]background[-0.2,-0.25;12.4,10.75;jeija_luac_background.png]label[0.1,8.3;]textarea[0.2,0.2;12.2,9.5;code;;-- Register D Latch (toggle D state when enabled)\n-- by So.Po.Coder for Minetest Mesecons Luacontroller\n-- A:clock\\, B:input\\, C:reset\\, D:output\r\rif (event.type == \"program\") then\r  mem.and1\\, mem.and2 = false\\, false\rend\r\rif (event.type == \"on\" or event.type == \"off\") then\n\n  -- reset latch to low\n  if (pin.c) then\n    port.d = false\n  end\n\r  -- get first two AND gates based on clock and data\r  if (pin.a and pin.b) then\n    mem.and1 = true\n  else\n    mem.and1 = false\n  end\n  if (pin.a and not pin.b) then\n    mem.and2 = true\n  else\n    mem.and2 = false\n  end\n\n  -- SR Latch\n  if (mem.and1) then\n    port.d = true\n  end\n  if (mem.and2) then\n    port.d = false\n  end\n\rend]image_button[4.75,8.75;2.5,1;jeija_luac_runbutton.png;program;]image_button_exit[11.72,-0.25;0.425,0.4;jeija_close_window.png;exit;]","ignore_offevents":"return {}","lc_memory":"return {[\"b\"] = true, [\"and2\"] = false, [\"and1\"] = false, [\"c\"] = false, [\"a\"] = false, [\"d\"] = false}","luac_id":"5716","real_portstates":"1"},"inventory":null},"(5,2,13)":{"fields":{"formspec":"field[text;;${text}]","infotext":"\"Input / Output 4\"","text":"Input / Output 4"},"inventory":null},"(5,2,8)":{"fields":{"formspec":"field[text;;${text}]","infotext":"\"Input / Output 4\"","text":"Input / Output 4"},"inventory":null},"(5,3,0)":{"fields":{"infotext":"FPGA (functional)","instr":"B&CA//////////////","portstates":"0000","valid":"1"},"inventory":null},"(5,3,15)":{"fields":{"infotext":"FPGA (functional)","instr":"B&CA//////////////","portstates":"0000","valid":"1"},"inventory":null},"(5,3,4)":{"fields":{"code":"-- Register D Latch (toggle D state when enabled)\n-- by So.Po.Coder for Minetest Mesecons Luacontroller\n-- A:clock, B:input, C:reset, D:output\r\rif (event.type == \"program\") then\r  mem.and1, mem.and2 = false, false\rend\r\rif (event.type == \"on\" or event.type == \"off\") then\n\n  -- reset latch to low\n  if (pin.c) then\n    port.d = false\n  end\n\r  -- get first two AND gates based on clock and data\r  if (pin.a and pin.b) then\n    mem.and1 = true\n  else\n    mem.and1 = false\n  end\n  if (pin.a and not pin.b) then\n    mem.and2 = true\n  else\n    mem.and2 = false\n  end\n\n  -- SR Latch\n  if (mem.and1) then\n    port.d = true\n  end\n  if (mem.and2) then\n    port.d = false\n  end\n\rend","formspec":"size[12,10]background[-0.2,-0.25;12.4,10.75;jeija_luac_background.png]label[0.1,8.3;]textarea[0.2,0.2;12.2,9.5;code;;-- Register D Latch (toggle D state when enabled)\n-- by So.Po.Coder for Minetest Mesecons Luacontroller\n-- A:clock\\, B:input\\, C:reset\\, D:output\r\rif (event.type == \"program\") then\r  mem.and1\\, mem.and2 = false\\, false\rend\r\rif (event.type == \"on\" or event.type == \"off\") then\n\n  -- reset latch to low\n  if (pin.c) then\n    port.d = false\n  end\n\r  -- get first two AND gates based on clock and data\r  if (pin.a and pin.b) then\n    mem.and1 = true\n  else\n    mem.and1 = false\n  end\n  if (pin.a and not pin.b) then\n    mem.and2 = true\n  else\n    mem.and2 = false\n  end\n\n  -- SR Latch\n  if (mem.and1) then\n    port.d = true\n  end\n  if (mem.and2) then\n    port.d = false\n  end\n\rend]image_button[4.75,8.75;2.5,1;jeija_luac_runbutton.png;program;]image_button_exit[11.72,-0.25;0.425,0.4;jeija_close_window.png;exit;]","ignore_offevents":"return {}","lc_memory":"return {[\"b\"] = false, [\"and2\"] = false, [\"and1\"] = false, [\"c\"] = false, [\"a\"] = false, [\"d\"] = false}","luac_id":"19279","real_portstates":"1"},"inventory":null},"(8,2,13)":{"fields":{"formspec":"field[text;;${text}]","infotext":"\"Input / Output 3\"","text":"Input / Output 3"},"inventory":null},"(8,2,8)":{"fields":{"formspec":"field[text;;${text}]","infotext":"\"Input / Output 3\"","text":"Input / Output 3"},"inventory":null},"(8,3,0)":{"fields":{"infotext":"FPGA (functional)","instr":"B&CA//////////////","portstates":"0000","valid":"1"},"inventory":null},"(8,3,15)":{"fields":{"infotext":"FPGA (functional)","instr":"B&CA//////////////","portstates":"0000","valid":"1"},"inventory":null},"(8,3,4)":{"fields":{"code":"-- Register D Latch (toggle D state when enabled)\n-- by So.Po.Coder for Minetest Mesecons Luacontroller\n-- A:clock, B:input, C:reset, D:output\r\rif (event.type == \"program\") then\r  mem.and1, mem.and2 = false, false\rend\r\rif (event.type == \"on\" or event.type == \"off\") then\n\n  -- reset latch to low\n  if (pin.c) then\n    port.d = false\n  end\n\r  -- get first two AND gates based on clock and data\r  if (pin.a and pin.b) then\n    mem.and1 = true\n  else\n    mem.and1 = false\n  end\n  if (pin.a and not pin.b) then\n    mem.and2 = true\n  else\n    mem.and2 = false\n  end\n\n  -- SR Latch\n  if (mem.and1) then\n    port.d = true\n  end\n  if (mem.and2) then\n    port.d = false\n  end\n\rend","formspec":"size[12,10]background[-0.2,-0.25;12.4,10.75;jeija_luac_background.png]label[0.1,8.3;]textarea[0.2,0.2;12.2,9.5;code;;-- Register D Latch (toggle D state when enabled)\n-- by So.Po.Coder for Minetest Mesecons Luacontroller\n-- A:clock\\, B:input\\, C:reset\\, D:output\r\rif (event.type == \"program\") then\r  mem.and1\\, mem.and2 = false\\, false\rend\r\rif (event.type == \"on\" or event.type == \"off\") then\n\n  -- reset latch to low\n  if (pin.c) then\n    port.d = false\n  end\n\r  -- get first two AND gates based on clock and data\r  if (pin.a and pin.b) then\n    mem.and1 = true\n  else\n    mem.and1 = false\n  end\n  if (pin.a and not pin.b) then\n    mem.and2 = true\n  else\n    mem.and2 = false\n  end\n\n  -- SR Latch\n  if (mem.and1) then\n    port.d = true\n  end\n  if (mem.and2) then\n    port.d = false\n  end\n\rend]image_button[4.75,8.75;2.5,1;jeija_luac_runbutton.png;program;]image_button_exit[11.72,-0.25;0.425,0.4;jeija_close_window.png;exit;]","ignore_offevents":"return {}","lc_memory":"return {[\"b\"] = true, [\"and2\"] = false, [\"d\"] = false, [\"and1\"] = false, [\"a\"] = false, [\"c\"] = false}","luac_id":"40687","real_portstates":"1"},"inventory":null}},"timers":null},"(0,2,4)":{"meta":{"(0,3,14)":{"fields":{"infotext":"FPGA (functional)","instr":"B&AC//////////////","portstates":"0000","valid":"1"},"inventory":null},"(11,2,12)":{"fields":{"formspec":"field[text;;${text}]","infotext":"\"Output 2\"","text":"Output 2"},"inventory":null},"(11,2,7)":{"fields":{"formspec":"field[text;;${text}]","infotext":"\"Input / Output 2\"","text":"Input / Output 2"},"inventory":null},"(11,3,3)":{"fields":{"code":"-- Register D Latch (toggle D state when enabled)\n-- by So.Po.Coder for Minetest Mesecons Luacontroller\n-- A:clock, B:input, C:reset, D:output\r\rif (event.type == \"program\") then\r  mem.and1, mem.and2 = false, false\rend\r\rif (event.type == \"on\" or event.type == \"off\") then\n\n  -- reset latch to low\n  if (pin.c) then\n    port.d = false\n  end\n\r  -- get first two AND gates based on clock and data\r  if (pin.a and pin.b) then\n    mem.and1 = true\n  else\n    mem.and1 = false\n  end\n  if (pin.a and not pin.b) then\n    mem.and2 = true\n  else\n    mem.and2 = false\n  end\n\n  -- SR Latch\n  if (mem.and1) then\n    port.d = true\n  end\n  if (mem.and2) then\n    port.d = false\n  end\n\rend","formspec":"size[12,10]background[-0.2,-0.25;12.4,10.75;jeija_luac_background.png]label[0.1,8.3;]textarea[0.2,0.2;12.2,9.5;code;;-- Register D Latch (toggle D state when enabled)\n-- by So.Po.Coder for Minetest Mesecons Luacontroller\n-- A:clock\\, B:input\\, C:reset\\, D:output\r\rif (event.type == \"program\") then\r  mem.and1\\, mem.and2 = false\\, false\rend\r\rif (event.type == \"on\" or event.type == \"off\") then\n\n  -- reset latch to low\n  if (pin.c) then\n    port.d = false\n  end\n\r  -- get first two AND gates based on clock and data\r  if (pin.a and pin.b) then\n    mem.and1 = true\n  else\n    mem.and1 = false\n  end\n  if (pin.a and not pin.b) then\n    mem.and2 = true\n  else\n    mem.and2 = false\n  end\n\n  -- SR Latch\n  if (mem.and1) then\n    port.d = true\n  end\n  if (mem.and2) then\n    port.d = false\n  end\n\rend]image_button[4.75,8.75;2.5,1;jeija_luac_runbutton.png;program;]image_button_exit[11.72,-0.25;0.425,0.4;jeija_close_window.png;exit;]","ignore_offevents":"return {}","lc_memory":"return {[\"b\"] = true, [\"and2\"] = false, [\"and1\"] = false, [\"d\"] = false, [\"c\"] = false, [\"a\"] = false}","luac_id":"15707","real_portstates":"1"},"inventory":null},"(12,3,14)":{"fields":{"infotext":"FPGA (functional)","instr":"B&AC//////////////","portstates":"0000","valid":"1"},"inventory":null},"(14,2,12)":{"fields":{"formspec":"field[text;;${text}]","infotext":"\"Output 1\"","text":"Output 1"},"inventory":null},"(14,2,7)":{"fields":{"formspec":"field[text;;${text}]","infotext":"\"Input / Output 1\"","text":"Input / Output 1"},"inventory":null},"(14,3,3)":{"fields":{"code":"-- Register D Latch (toggle D state when enabled)\n-- by So.Po.Coder for Minetest Mesecons Luacontroller\n-- A:clock, B:input, C:reset, D:output\r\rif (event.type == \"program\") then\r  mem.and1, mem.and2 = false, false\rend\r\rif (event.type == \"on\" or event.type == \"off\") then\n\n  -- reset latch to low\n  if (pin.c) then\n    port.d = false\n  end\n\r  -- get first two AND gates based on clock and data\r  if (pin.a and pin.b) then\n    mem.and1 = true\n  else\n    mem.and1 = false\n  end\n  if (pin.a and not pin.b) then\n    mem.and2 = true\n  else\n    mem.and2 = false\n  end\n\n  -- SR Latch\n  if (mem.and1) then\n    port.d = true\n  end\n  if (mem.and2) then\n    port.d = false\n  end\n\rend","formspec":"size[12,10]background[-0.2,-0.25;12.4,10.75;jeija_luac_background.png]label[0.1,8.3;]textarea[0.2,0.2;12.2,9.5;code;;-- Register D Latch (toggle D state when enabled)\n-- by So.Po.Coder for Minetest Mesecons Luacontroller\n-- A:clock\\, B:input\\, C:reset\\, D:output\r\rif (event.type == \"program\") then\r  mem.and1\\, mem.and2 = false\\, false\rend\r\rif (event.type == \"on\" or event.type == \"off\") then\n\n  -- reset latch to low\n  if (pin.c) then\n    port.d = false\n  end\n\r  -- get first two AND gates based on clock and data\r  if (pin.a and pin.b) then\n    mem.and1 = true\n  else\n    mem.and1 = false\n  end\n  if (pin.a and not pin.b) then\n    mem.and2 = true\n  else\n    mem.and2 = false\n  end\n\n  -- SR Latch\n  if (mem.and1) then\n    port.d = true\n  end\n  if (mem.and2) then\n    port.d = false\n  end\n\rend]image_button[4.75,8.75;2.5,1;jeija_luac_runbutton.png;program;]image_button_exit[11.72,-0.25;0.425,0.4;jeija_close_window.png;exit;]","ignore_offevents":"return {}","lc_memory":"return {[\"b\"] = false, [\"and2\"] = false, [\"d\"] = false, [\"and1\"] = false, [\"a\"] = false, [\"c\"] = false}","luac_id":"63748","real_portstates":"1"},"inventory":null},"(2,2,12)":{"fields":{"formspec":"field[text;;${text}]","infotext":"\"Output 5\"","text":"Output 5"},"inventory":null},"(2,2,7)":{"fields":{"formspec":"field[text;;${text}]","infotext":"\"Input / Output 5\"","text":"Input / Output 5"},"inventory":null},"(2,3,3)":{"fields":{"code":"-- Register D Latch (toggle D state when enabled)\n-- by So.Po.Coder for Minetest Mesecons Luacontroller\n-- A:clock, B:input, C:reset, D:output\r\rif (event.type == \"program\") then\r  mem.and1, mem.and2 = false, false\rend\r\rif (event.type == \"on\" or event.type == \"off\") then\n\n  -- reset latch to low\n  if (pin.c) then\n    port.d = false\n  end\n\r  -- get first two AND gates based on clock and data\r  if (pin.a and pin.b) then\n    mem.and1 = true\n  else\n    mem.and1 = false\n  end\n  if (pin.a and not pin.b) then\n    mem.and2 = true\n  else\n    mem.and2 = false\n  end\n\n  -- SR Latch\n  if (mem.and1) then\n    port.d = true\n  end\n  if (mem.and2) then\n    port.d = false\n  end\n\rend","formspec":"size[12,10]background[-0.2,-0.25;12.4,10.75;jeija_luac_background.png]label[0.1,8.3;]textarea[0.2,0.2;12.2,9.5;code;;-- Register D Latch (toggle D state when enabled)\n-- by So.Po.Coder for Minetest Mesecons Luacontroller\n-- A:clock\\, B:input\\, C:reset\\, D:output\r\rif (event.type == \"program\") then\r  mem.and1\\, mem.and2 = false\\, false\rend\r\rif (event.type == \"on\" or event.type == \"off\") then\n\n  -- reset latch to low\n  if (pin.c) then\n    port.d = false\n  end\n\r  -- get first two AND gates based on clock and data\r  if (pin.a and pin.b) then\n    mem.and1 = true\n  else\n    mem.and1 = false\n  end\n  if (pin.a and not pin.b) then\n    mem.and2 = true\n  else\n    mem.and2 = false\n  end\n\n  -- SR Latch\n  if (mem.and1) then\n    port.d = true\n  end\n  if (mem.and2) then\n    port.d = false\n  end\n\rend]image_button[4.75,8.75;2.5,1;jeija_luac_runbutton.png;program;]image_button_exit[11.72,-0.25;0.425,0.4;jeija_close_window.png;exit;]","ignore_offevents":"return {}","lc_memory":"return {[\"b\"] = true, [\"and2\"] = false, [\"and1\"] = false, [\"d\"] = false, [\"c\"] = false, [\"a\"] = false}","luac_id":"64765","real_portstates":"1"},"inventory":null},"(3,3,14)":{"fields":{"infotext":"FPGA (functional)","instr":"B&AC//////////////","portstates":"0000","valid":"1"},"inventory":null},"(5,2,12)":{"fields":{"formspec":"field[text;;${text}]","infotext":"\"Output 4\"","text":"Output 4"},"inventory":null},"(5,2,7)":{"fields":{"formspec":"field[text;;${text}]","infotext":"\"Input / Output 4\"","text":"Input / Output 4"},"inventory":null},"(5,3,3)":{"fields":{"code":"-- Register D Latch (toggle D state when enabled)\n-- by So.Po.Coder for Minetest Mesecons Luacontroller\n-- A:clock, B:input, C:reset, D:output\r\rif (event.type == \"program\") then\r  mem.and1, mem.and2 = false, false\rend\r\rif (event.type == \"on\" or event.type == \"off\") then\n\n  -- reset latch to low\n  if (pin.c) then\n    port.d = false\n  end\n\r  -- get first two AND gates based on clock and data\r  if (pin.a and pin.b) then\n    mem.and1 = true\n  else\n    mem.and1 = false\n  end\n  if (pin.a and not pin.b) then\n    mem.and2 = true\n  else\n    mem.and2 = false\n  end\n\n  -- SR Latch\n  if (mem.and1) then\n    port.d = true\n  end\n  if (mem.and2) then\n    port.d = false\n  end\n\rend","formspec":"size[12,10]background[-0.2,-0.25;12.4,10.75;jeija_luac_background.png]label[0.1,8.3;]textarea[0.2,0.2;12.2,9.5;code;;-- Register D Latch (toggle D state when enabled)\n-- by So.Po.Coder for Minetest Mesecons Luacontroller\n-- A:clock\\, B:input\\, C:reset\\, D:output\r\rif (event.type == \"program\") then\r  mem.and1\\, mem.and2 = false\\, false\rend\r\rif (event.type == \"on\" or event.type == \"off\") then\n\n  -- reset latch to low\n  if (pin.c) then\n    port.d = false\n  end\n\r  -- get first two AND gates based on clock and data\r  if (pin.a and pin.b) then\n    mem.and1 = true\n  else\n    mem.and1 = false\n  end\n  if (pin.a and not pin.b) then\n    mem.and2 = true\n  else\n    mem.and2 = false\n  end\n\n  -- SR Latch\n  if (mem.and1) then\n    port.d = true\n  end\n  if (mem.and2) then\n    port.d = false\n  end\n\rend]image_button[4.75,8.75;2.5,1;jeija_luac_runbutton.png;program;]image_button_exit[11.72,-0.25;0.425,0.4;jeija_close_window.png;exit;]","ignore_offevents":"return {}","lc_memory":"return {[\"b\"] = false, [\"and2\"] = false, [\"and1\"] = false, [\"d\"] = false, [\"c\"] = false, [\"a\"] = false}","luac_id":"51103","real_portstates":"1"},"inventory":null},"(6,3,14)":{"fields":{"infotext":"FPGA (functional)","instr":"B&AC//////////////","portstates":"0000","valid":"1"},"inventory":null},"(8,2,12)":{"fields":{"formspec":"field[text;;${text}]","infotext":"\"Output 3\"","text":"Output 3"},"inventory":null},"(8,2,7)":{"fields":{"formspec":"field[text;;${text}]","infotext":"\"Input / Output 3\"","text":"Input / Output 3"},"inventory":null},"(8,3,3)":{"fields":{"code":"-- Register D Latch (toggle D state when enabled)\n-- by So.Po.Coder for Minetest Mesecons Luacontroller\n-- A:clock, B:input, C:reset, D:output\r\rif (event.type == \"program\") then\r  mem.and1, mem.and2 = false, false\rend\r\rif (event.type == \"on\" or event.type == \"off\") then\n\n  -- reset latch to low\n  if (pin.c) then\n    port.d = false\n  end\n\r  -- get first two AND gates based on clock and data\r  if (pin.a and pin.b) then\n    mem.and1 = true\n  else\n    mem.and1 = false\n  end\n  if (pin.a and not pin.b) then\n    mem.and2 = true\n  else\n    mem.and2 = false\n  end\n\n  -- SR Latch\n  if (mem.and1) then\n    port.d = true\n  end\n  if (mem.and2) then\n    port.d = false\n  end\n\rend","formspec":"size[12,10]background[-0.2,-0.25;12.4,10.75;jeija_luac_background.png]label[0.1,8.3;]textarea[0.2,0.2;12.2,9.5;code;;-- Register D Latch (toggle D state when enabled)\n-- by So.Po.Coder for Minetest Mesecons Luacontroller\n-- A:clock\\, B:input\\, C:reset\\, D:output\r\rif (event.type == \"program\") then\r  mem.and1\\, mem.and2 = false\\, false\rend\r\rif (event.type == \"on\" or event.type == \"off\") then\n\n  -- reset latch to low\n  if (pin.c) then\n    port.d = false\n  end\n\r  -- get first two AND gates based on clock and data\r  if (pin.a and pin.b) then\n    mem.and1 = true\n  else\n    mem.and1 = false\n  end\n  if (pin.a and not pin.b) then\n    mem.and2 = true\n  else\n    mem.and2 = false\n  end\n\n  -- SR Latch\n  if (mem.and1) then\n    port.d = true\n  end\n  if (mem.and2) then\n    port.d = false\n  end\n\rend]image_button[4.75,8.75;2.5,1;jeija_luac_runbutton.png;program;]image_button_exit[11.72,-0.25;0.425,0.4;jeija_close_window.png;exit;]","ignore_offevents":"return {}","lc_memory":"return {[\"b\"] = true, [\"and2\"] = false, [\"and1\"] = false, [\"c\"] = false, [\"a\"] = false, [\"d\"] = false}","luac_id":"39900","real_portstates":"1"},"inventory":null},"(9,3,14)":{"fields":{"infotext":"FPGA (functional)","instr":"B&AC//////////////","portstates":"0000","valid":"1"},"inventory":null}},"timers":null},"(1,2,0)":{"meta":{"(10,1,10)":{"fields":{"infotext":"FPGA (functional)","instr":" ~C0/0&DB/ ~D1/1&CA///////////","portstates":"0000","valid":"1"},"inventory":null},"(10,1,12)":{"fields":{"infotext":"FPGA (functional)","instr":" ~C0/0&DB/ ~D1/1&CA///////////","portstates":"0000","valid":"1"},"inventory":null},"(10,1,14)":{"fields":{"infotext":"FPGA (functional)","instr":" ~C0/0&DB/ ~D1/1&CA///////////","portstates":"0000","valid":"1"},"inventory":null},"(10,1,4)":{"fields":{"infotext":"FPGA (functional)","instr":" ~C0/0&DB/ ~D1/1&CA///////////","portstates":"0000","valid":"1"},"inventory":null},"(10,1,6)":{"fields":{"infotext":"FPGA (functional)","instr":" ~C0/0&DB/ ~D1/1&CA///////////","portstates":"0000","valid":"1"},"inventory":null},"(10,1,8)":{"fields":{"infotext":"FPGA (functional)","instr":" ~C0/0&DB/ ~D1/1&CA///////////","portstates":"0000","valid":"1"},"inventory":null},"(11,1,0)":{"fields":{"formspec":"field[text;;${text}]","infotext":"\u001b(T@default)\"\u001bF4\u001bE\"\u001bE","text":"4"},"inventory":null},"(14,1,10)":{"fields":{"infotext":"FPGA (functional)","instr":" ~C0/0&DB/ ~D1/1&CA///////////","portstates":"0000","valid":"1"},"inventory":null},"(14,1,12)":{"fields":{"infotext":"FPGA (functional)","instr":" ~C0/0&DB/ ~D1/1&CA///////////","portstates":"0000","valid":"1"},"inventory":null},"(14,1,14)":{"fields":{"infotext":"FPGA (functional)","instr":" ~C0/0&DB/ ~D1/1&CA///////////","portstates":"0000","valid":"1"},"inventory":null},"(14,1,4)":{"fields":{"infotext":"FPGA (functional)","instr":" ~C0/0&DB/ ~D1/1&CA///////////","portstates":"0000","valid":"1"},"inventory":null},"(14,1,6)":{"fields":{"infotext":"FPGA (functional)","instr":" ~C0/0&DB/ ~D1/1&CA///////////","portstates":"0000","valid":"1"},"inventory":null},"(14,1,8)":{"fields":{"infotext":"FPGA (functional)","instr":" ~C0/0&DB/ ~D1/1&CA///////////","portstates":"0000","valid":"1"},"inventory":null},"(15,1,0)":{"fields":{"formspec":"field[text;;${text}]","infotext":"\u001b(T@default)\"\u001bF3\u001bE\"\u001bE","text":"3"},"inventory":null},"(2,1,10)":{"fields":{"infotext":"FPGA (functional)","instr":" ~C0/0&DB/ ~D1/1&CA///////////","portstates":"0000","valid":"1"},"inventory":null},"(2,1,12)":{"fields":{"infotext":"FPGA (functional)","instr":" ~C0/0&DB/ ~D1/1&CA///////////","portstates":"0000","valid":"1"},"inventory":null},"(2,1,14)":{"fields":{"infotext":"FPGA (functional)","instr":" ~C0/0&DB/ ~D1/1&CA///////////","portstates":"0000","valid":"1"},"inventory":null},"(2,1,4)":{"fields":{"infotext":"FPGA (functional)","instr":" ~C0/0&DB/ ~D1/1&CA///////////","portstates":"0000","valid":"1"},"inventory":null},"(2,1,6)":{"fields":{"infotext":"FPGA (functional)","instr":" ~C0/0&DB/ ~D1/1&CA///////////","portstates":"0000","valid":"1"},"inventory":null},"(2,1,8)":{"fields":{"infotext":"FPGA (functional)","instr":" ~C0/0&DB/ ~D1/1&CA///////////","portstates":"0000","valid":"1"},"inventory":null},"(3,1,0)":{"fields":{"formspec":"field[text;;${text}]","infotext":"\u001b(T@default)\"\u001bF6\u001bE\"\u001bE","text":"6"},"inventory":null},"(6,1,10)":{"fields":{"infotext":"FPGA (functional)","instr":" ~C0/0&DB/ ~D1/1&CA///////////","portstates":"0000","valid":"1"},"inventory":null},"(6,1,12)":{"fields":{"infotext":"FPGA (functional)","instr":" ~C0/0&DB/ ~D1/1&CA///////////","portstates":"0000","valid":"1"},"inventory":null},"(6,1,14)":{"fields":{"infotext":"FPGA (functional)","instr":" ~C0/0&DB/ ~D1/1&CA///////////","portstates":"0000","valid":"1"},"inventory":null},"(6,1,4)":{"fields":{"infotext":"FPGA (functional)","instr":" ~C0/0&DB/ ~D1/1&CA///////////","portstates":"0000","valid":"1"},"inventory":null},"(6,1,6)":{"fields":{"infotext":"FPGA (functional)","instr":" ~C0/0&DB/ ~D1/1&CA///////////","portstates":"0000","valid":"1"},"inventory":null},"(6,1,8)":{"fields":{"infotext":"FPGA (functional)","instr":" ~C0/0&DB/ ~D1/1&CA///////////","portstates":"0000","valid":"1"},"inventory":null},"(7,1,0)":{"fields":{"formspec":"field[text;;${text}]","infotext":"\u001b(T@default)\"\u001bF5\u001bE\"\u001bE","text":"5"},"inventory":null}},"timers":null},"(1,2,1)":{"meta":{"(10,1,0)":{"fields":{"infotext":"FPGA (functional)","instr":" ~C0/0&DB/ ~D1/1&CA///////////","portstates":"0000","valid":"1"},"inventory":null},"(10,1,2)":{"fields":{"infotext":"FPGA (functional)","instr":" ~C0/0&DB/ ~D1/1&CA///////////","portstates":"0000","valid":"1"},"inventory":null},"(10,1,4)":{"fields":{"infotext":"FPGA (functional)","instr":" ~C0/0&DB/ ~D1/1&CA///////////","portstates":"0000","valid":"1"},"inventory":null},"(10,1,6)":{"fields":{"infotext":"FPGA (functional)","instr":" ~C0/0&DB/ ~D1/1&CA///////////","portstates":"0000","valid":"1"},"inventory":null},"(14,1,0)":{"fields":{"infotext":"FPGA (functional)","instr":" ~C0/0&DB/ ~D1/1&CA///////////","portstates":"0000","valid":"1"},"inventory":null},"(14,1,2)":{"fields":{"infotext":"FPGA (functional)","instr":" ~C0/0&DB/ ~D1/1&CA///////////","portstates":"0000","valid":"1"},"inventory":null},"(14,1,4)":{"fields":{"infotext":"FPGA (functional)","instr":" ~C0/0&DB/ ~D1/1&CA///////////","portstates":"0000","valid":"1"},"inventory":null},"(14,1,6)":{"fields":{"infotext":"FPGA (functional)","instr":" ~C0/0&DB/ ~D1/1&CA///////////","portstates":"0000","valid":"1"},"inventory":null},"(2,1,0)":{"fields":{"infotext":"FPGA (functional)","instr":" ~C0/0&DB/ ~D1/1&CA///////////","portstates":"0000","valid":"1"},"inventory":null},"(2,1,2)":{"fields":{"infotext":"FPGA (functional)","instr":" ~C0/0&DB/ ~D1/1&CA///////////","portstates":"0000","valid":"1"},"inventory":null},"(2,1,4)":{"fields":{"infotext":"FPGA (functional)","instr":" ~C0/0&DB/ ~D1/1&CA///////////","portstates":"0000","valid":"1"},"inventory":null},"(2,1,6)":{"fields":{"infotext":"FPGA (functional)","instr":" ~C0/0&DB/ ~D1/1&CA///////////","portstates":"0000","valid":"1"},"inventory":null},"(6,1,0)":{"fields":{"infotext":"FPGA (functional)","instr":" ~C0/0&DB/ ~D1/1&CA///////////","portstates":"0000","valid":"1"},"inventory":null},"(6,1,2)":{"fields":{"infotext":"FPGA (functional)","instr":" ~C0/0&DB/ ~D1/1&CA///////////","portstates":"0000","valid":"1"},"inventory":null},"(6,1,4)":{"fields":{"infotext":"FPGA (functional)","instr":" ~C0/0&DB/ ~D1/1&CA///////////","portstates":"0000","valid":"1"},"inventory":null},"(6,1,6)":{"fields":{"infotext":"FPGA (functional)","instr":" ~C0/0&DB/ ~D1/1&CA///////////","portstates":"0000","valid":"1"},"inventory":null}},"timers":null},"(1,2,3)":{"meta":{"(0,3,3)":{"fields":{"input1":"0","input2":"0"},"inventory":null},"(11,1,11)":{"fields":{"formspec":"field[text;;${text}]","infotext":"\"Clock On\"","text":"Clock On"},"inventory":null},"(3,2,0)":{"fields":{"formspec":"field[text;;${text}]","infotext":"\"IO (instruction register out)\"","text":"IO (instruction register out)"},"inventory":null},"(3,2,15)":{"fields":{"formspec":"field[text;;${text}]","infotext":"\"RO (register out)\"","text":"RO (register out)"},"inventory":null},"(3,2,2)":{"fields":{"formspec":"field[text;;${text}]","infotext":"\"Clock In\"","text":"Clock In"},"inventory":null},"(3,2,4)":{"fields":{"formspec":"field[text;;${text}]","infotext":"\"II (instruction register in)\"","text":"II (instruction register in)"},"inventory":null},"(3,2,6)":{"fields":{"formspec":"field[text;;${text}]","infotext":"\"Reset\"","text":"Reset"},"inventory":null},"(3,3,3)":{"fields":{"formspec":"field[text;;${text}]","infotext":"\"Instruction Register\"","text":"Instruction Register"},"inventory":null},"(7,1,2)":{"fields":{"formspec":"field[text;;${text}]","infotext":"\"Out\"","text":"Out"},"inventory":null},"(7,1,4)":{"fields":{"formspec":"field[text;;${text}]","infotext":"\"In\"","text":"In"},"inventory":null},"(8,1,10)":{"fields":{"formspec":"field[text;;${text}]","infotext":"\"Hit to adjust clock speed\"","text":"Hit to adjust clock speed"},"inventory":null},"(9,1,11)":{"fields":{"input1":"0","input2":"1"},"inventory":null}},"timers":null},"(1,2,4)":{"meta":{"(0,3,2)":{"fields":{"input1":"0","input2":"0"},"inventory":null},"(11,1,9)":{"fields":{"formspec":"field[text;;${text}]","infotext":"\"Master Reset\"","text":"Master Reset"},"inventory":null},"(3,2,1)":{"fields":{"formspec":"field[text;;${text}]","infotext":"\"Clock In\"","text":"Clock In"},"inventory":null},"(3,2,14)":{"fields":{"formspec":"field[text;;${text}]","infotext":"\"RO (register out)\"","text":"RO (register out)"},"inventory":null},"(3,2,3)":{"fields":{"formspec":"field[text;;${text}]","infotext":"\"RI (register in)\"","text":"RI (register in)"},"inventory":null},"(3,2,5)":{"fields":{"formspec":"field[text;;${text}]","infotext":"\"Reset\"","text":"Reset"},"inventory":null},"(3,3,2)":{"fields":{"formspec":"field[text;;${text}]","infotext":"\"8 Bit Register\"","text":"8 Bit Register"},"inventory":null},"(7,1,1)":{"fields":{"formspec":"field[text;;${text}]","infotext":"\"Out\"","text":"Out"},"inventory":null},"(7,1,3)":{"fields":{"formspec":"field[text;;${text}]","infotext":"\"In\"","text":"In"},"inventory":null}},"timers":null},"(2,2,0)":{"meta":{"(2,1,10)":{"fields":{"infotext":"FPGA (functional)","instr":" ~C0/0&DB/ ~D1/1&CA///////////","portstates":"0000","valid":"1"},"inventory":null},"(2,1,12)":{"fields":{"infotext":"FPGA (functional)","instr":" ~C0/0&DB/ ~D1/1&CA///////////","portstates":"0000","valid":"1"},"inventory":null},"(2,1,14)":{"fields":{"infotext":"FPGA (functional)","instr":" ~C0/0&DB/ ~D1/1&CA///////////","portstates":"0000","valid":"1"},"inventory":null},"(2,1,4)":{"fields":{"infotext":"FPGA (functional)","instr":" ~C0/0&DB/ ~D1/1&CA///////////","portstates":"0000","valid":"1"},"inventory":null},"(2,1,6)":{"fields":{"infotext":"FPGA (functional)","instr":" ~C0/0&DB/ ~D1/1&CA///////////","portstates":"0000","valid":"1"},"inventory":null},"(2,1,8)":{"fields":{"infotext":"FPGA (functional)","instr":" ~C0/0&DB/ ~D1/1&CA///////////","portstates":"0000","valid":"1"},"inventory":null},"(3,1,0)":{"fields":{"formspec":"field[text;;${text}]","infotext":"\u001b(T@default)\"\u001bF2\u001bE\"\u001bE","text":"2"},"inventory":null},"(6,1,10)":{"fields":{"infotext":"FPGA (functional)","instr":" ~C0/0&DB/ ~D1/1&CA///////////","portstates":"0000","valid":"1"},"inventory":null},"(6,1,12)":{"fields":{"infotext":"FPGA (functional)","instr":" ~C0/0&DB/ ~D1/1&CA///////////","portstates":"0000","valid":"1"},"inventory":null},"(6,1,14)":{"fields":{"infotext":"FPGA (functional)","instr":" ~C0/0&DB/ ~D1/1&CA///////////","portstates":"0000","valid":"1"},"inventory":null},"(6,1,4)":{"fields":{"infotext":"FPGA (functional)","instr":" ~C0/0&DB/ ~D1/1&CA///////////","portstates":"0000","valid":"1"},"inventory":null},"(6,1,6)":{"fields":{"infotext":"FPGA (functional)","instr":" ~C0/0&DB/ ~D1/1&CA///////////","portstates":"0000","valid":"1"},"inventory":null},"(6,1,8)":{"fields":{"infotext":"FPGA (functional)","instr":" ~C0/0&DB/ ~D1/1&CA///////////","portstates":"0000","valid":"1"},"inventory":null},"(7,1,0)":{"fields":{"formspec":"field[text;;${text}]","infotext":"\u001b(T@default)\"\u001bF1\u001bE\"\u001bE","text":"1"},"inventory":null}},"timers":null},"(2,2,1)":{"meta":{"(10,3,13)":{"fields":{"display_text":"Switch counter","infotext":"\"Switch counter\"\n(right-click to read more text)","text":"- by pampogokiraly\n\nThe machine lights up as many lights as many switches you turned on.\nIt's basically a counter"},"inventory":null},"(2,1,0)":{"fields":{"infotext":"FPGA (functional)","instr":" ~C0/0&DB/ ~D1/1&CA///////////","portstates":"0000","valid":"1"},"inventory":null},"(2,1,2)":{"fields":{"infotext":"FPGA (functional)","instr":" ~C0/0&DB/ ~D1/1&CA///////////","portstates":"0000","valid":"1"},"inventory":null},"(2,1,4)":{"fields":{"infotext":"FPGA (functional)","instr":" ~C0/0&DB/ ~D1/1&CA///////////","portstates":"0000","valid":"1"},"inventory":null},"(2,1,6)":{"fields":{"infotext":"FPGA (functional)","instr":" ~C0/0&DB/ ~D1/1&CA///////////","portstates":"0000","valid":"1"},"inventory":null},"(6,1,0)":{"fields":{"infotext":"FPGA (functional)","instr":" ~C0/0&DB/ ~D1/1&CA///////////","portstates":"0000","valid":"1"},"inventory":null},"(6,1,2)":{"fields":{"infotext":"FPGA (functional)","instr":" ~C0/0&DB/ ~D1/1&CA///////////","portstates":"0000","valid":"1"},"inventory":null},"(6,1,4)":{"fields":{"infotext":"FPGA (functional)","instr":" ~C0/0&DB/ ~D1/1&CA///////////","portstates":"0000","valid":"1"},"inventory":null},"(6,1,6)":{"fields":{"infotext":"FPGA (functional)","instr":" ~C0/0&DB/ ~D1/1&CA///////////","portstates":"0000","valid":"1"},"inventory":null}},"timers":null},"(2,2,2)":{"meta":{"(12,1,13)":{"fields":{"formspec":"field[text;;${text}]","infotext":"\"Address 15\"","text":"Address 15"},"inventory":null},"(12,1,14)":{"fields":{"formspec":"field[text;;${text}]","infotext":"\"Address 14\"","text":"Address 14"},"inventory":null},"(12,1,15)":{"fields":{"formspec":"field[text;;${text}]","infotext":"\"Address 13\"","text":"Address 13"},"inventory":null},"(14,1,11)":{"fields":{"formspec":"field[text;;${text}]","infotext":"\"1\"","text":"1"},"inventory":null},"(14,1,13)":{"fields":{"infotext":"FPGA (overheated)","instr":" _BD/C&BA/////////////","portstates":"0000","valid":"0"},"inventory":null},"(14,1,14)":{"fields":{"infotext":"FPGA (overheated)","instr":" _BD/ ~B0/0&CA////////////","portstates":"0000","valid":"0"},"inventory":null},"(14,1,15)":{"fields":{"infotext":"FPGA (overheated)","instr":" _BD/C&BA/////////////","portstates":"0000","valid":"0"},"inventory":null},"(15,1,11)":{"fields":{"formspec":"field[text;;${text}]","infotext":"\"2\"","text":"2"},"inventory":null},"(15,1,13)":{"fields":{"infotext":"FPGA (overheated)","instr":" _BD/C&BA/////////////","portstates":"0000","valid":"0"},"inventory":null},"(15,1,14)":{"fields":{"infotext":"FPGA (overheated)","instr":" _BD/C&BA/////////////","portstates":"0000","valid":"0"},"inventory":null},"(15,1,15)":{"fields":{"infotext":"FPGA (overheated)","instr":" _BD/ ~B0/0&CA////////////","portstates":"0000","valid":"0"},"inventory":null},"(3,1,13)":{"fields":{"formspec":"field[text;;${text}]","infotext":"\"Address 15\"","text":"Address 15"},"inventory":null},"(3,1,14)":{"fields":{"formspec":"field[text;;${text}]","infotext":"\"Address 14\"","text":"Address 14"},"inventory":null},"(3,1,15)":{"fields":{"formspec":"field[text;;${text}]","infotext":"\"Address 13\"","text":"Address 13"},"inventory":null},"(5,1,13)":{"fields":{"code":"if (event.type == \"digiline\" and event.channel == \"display\") then\n\n  a = (event.msg == 15) and true or false\n  port.a = a\n\nend","formspec":"size[12,10]background[-0.2,-0.25;12.4,10.75;jeija_luac_background.png]label[0.1,8.3;]textarea[0.2,0.2;12.2,9.5;code;;if (event.type == \"digiline\" and event.channel == \"display\") then\n\n  a = (event.msg == 15) and true or false\n  port.a = a\n\nend]image_button[4.75,8.75;2.5,1;jeija_luac_runbutton.png;program;]image_button_exit[11.72,-0.25;0.425,0.4;jeija_close_window.png;exit;]","ignore_offevents":"return {[\"A\"] = true}","lc_memory":"return {}","luac_id":"5572","real_portstates":"1"},"inventory":null},"(5,1,15)":{"fields":{"code":"if (event.type == \"digiline\" and event.channel == \"display\") then\n\n  b = (event.msg == 12) and true or false\n  a = (event.msg == 13) and true or false\n  d = (event.msg == 14) and true or false\n  port = {b=b, a=a, d=d}\n\nend","formspec":"size[12,10]background[-0.2,-0.25;12.4,10.75;jeija_luac_background.png]label[0.1,8.3;]textarea[0.2,0.2;12.2,9.5;code;;if (event.type == \"digiline\" and event.channel == \"display\") then\n\n  b = (event.msg == 12) and true or false\n  a = (event.msg == 13) and true or false\n  d = (event.msg == 14) and true or false\n  port = {b=b\\, a=a\\, d=d}\n\nend]image_button[4.75,8.75;2.5,1;jeija_luac_runbutton.png;program;]image_button_exit[11.72,-0.25;0.425,0.4;jeija_close_window.png;exit;]","ignore_offevents":"return {[\"A\"] = true}","lc_memory":"return {}","luac_id":"54","real_portstates":"1"},"inventory":null}},"timers":null},"(2,2,3)":{"meta":{"(12,1,0)":{"fields":{"formspec":"field[text;;${text}]","infotext":"\"Address 12\"","text":"Address 12"},"inventory":null},"(12,1,1)":{"fields":{"formspec":"field[text;;${text}]","infotext":"\"Address 11\"","text":"Address 11"},"inventory":null},"(12,1,10)":{"fields":{"formspec":"field[text;;${text}]","infotext":"\"Address 2\"","text":"Address 2"},"inventory":null},"(12,1,11)":{"fields":{"formspec":"field[text;;${text}]","infotext":"\"Address 1\"","text":"Address 1"},"inventory":null},"(12,1,12)":{"fields":{"formspec":"field[text;;${text}]","infotext":"\"Address 0\"","text":"Address 0"},"inventory":null},"(12,1,2)":{"fields":{"formspec":"field[text;;${text}]","infotext":"\"Address 10\"","text":"Address 10"},"inventory":null},"(12,1,3)":{"fields":{"formspec":"field[text;;${text}]","infotext":"\"Address 9\"","text":"Address 9"},"inventory":null},"(12,1,4)":{"fields":{"formspec":"field[text;;${text}]","infotext":"\"Address 8\"","text":"Address 8"},"inventory":null},"(12,1,5)":{"fields":{"formspec":"field[text;;${text}]","infotext":"\"Address 7\"","text":"Address 7"},"inventory":null},"(12,1,6)":{"fields":{"formspec":"field[text;;${text}]","infotext":"\"Address 6\"","text":"Address 6"},"inventory":null},"(12,1,7)":{"fields":{"formspec":"field[text;;${text}]","infotext":"\"Address 5\"","text":"Address 5"},"inventory":null},"(12,1,8)":{"fields":{"formspec":"field[text;;${text}]","infotext":"\"Address 4\"","text":"Address 4"},"inventory":null},"(12,1,9)":{"fields":{"formspec":"field[text;;${text}]","infotext":"\"Address 3\"","text":"Address 3"},"inventory":null},"(13,1,14)":{"fields":{"formspec":"field[text;;${text}]","infotext":"\"4:16 Bit Decoder v.3\"","text":"4:16 Bit Decoder v.3"},"inventory":null},"(14,1,0)":{"fields":{"infotext":"FPGA (overheated)","instr":" _BD/ ~B0/0&CA////////////","portstates":"0000","valid":"0"},"inventory":null},"(14,1,1)":{"fields":{"infotext":"FPGA (overheated)","instr":" _BD/C&BA/////////////","portstates":"0000","valid":"0"},"inventory":null},"(14,1,10)":{"fields":{"infotext":"FPGA (functional)","instr":" _BD/ ~B0/0&CA////////////","portstates":"0000","valid":"1"},"inventory":null},"(14,1,11)":{"fields":{"infotext":"FPGA (functional)","instr":" _BD/C&BA/////////////","portstates":"0010","valid":"1"},"inventory":null},"(14,1,12)":{"fields":{"infotext":"FPGA (functional)","instr":" _BD/ ~B0/0&CA////////////","portstates":"0010","valid":"1"},"inventory":null},"(14,1,15)":{"fields":{"formspec":"field[text;;${text}]","infotext":"\"1 column\"","text":"1 column"},"inventory":null},"(14,1,2)":{"fields":{"infotext":"FPGA (overheated)","instr":" _BD/ ~B0/0&CA////////////","portstates":"0000","valid":"0"},"inventory":null},"(14,1,3)":{"fields":{"infotext":"FPGA (overheated)","instr":" _BD/C&BA/////////////","portstates":"0000","valid":"0"},"inventory":null},"(14,1,4)":{"fields":{"infotext":"FPGA (overheated)","instr":" _BD/ ~B0/0&CA////////////","portstates":"0000","valid":"0"},"inventory":null},"(14,1,5)":{"fields":{"infotext":"FPGA (functional)","instr":" _BD/C&BA/////////////","portstates":"0000","valid":"1"},"inventory":null},"(14,1,6)":{"fields":{"infotext":"FPGA (functional)","instr":" _BD/ ~B0/0&CA////////////","portstates":"0000","valid":"1"},"inventory":null},"(14,1,7)":{"fields":{"infotext":"FPGA (functional)","instr":" _BD/C&BA/////////////","portstates":"0000","valid":"1"},"inventory":null},"(14,1,8)":{"fields":{"infotext":"FPGA (functional)","instr":" _BD/ ~B0/0&CA////////////","portstates":"0000","valid":"1"},"inventory":null},"(14,1,9)":{"fields":{"infotext":"FPGA (functional)","instr":" _BD/C&BA/////////////","portstates":"0000","valid":"1"},"inventory":null},"(15,1,0)":{"fields":{"infotext":"FPGA (overheated)","instr":" _BD/ ~B0/0&CA////////////","portstates":"0000","valid":"0"},"inventory":null},"(15,1,1)":{"fields":{"infotext":"FPGA (overheated)","instr":" _BD/C&BA/////////////","portstates":"0000","valid":"0"},"inventory":null},"(15,1,10)":{"fields":{"infotext":"FPGA (functional)","instr":" _BD/C&BA/////////////","portstates":"0010","valid":"1"},"inventory":null},"(15,1,11)":{"fields":{"infotext":"FPGA (functional)","instr":" _BD/ ~B0/0&CA////////////","portstates":"0010","valid":"1"},"inventory":null},"(15,1,12)":{"fields":{"infotext":"FPGA (functional)","instr":" _BD/ ~B0/0&CA////////////","portstates":"0010","valid":"1"},"inventory":null},"(15,1,15)":{"fields":{"formspec":"field[text;;${text}]","infotext":"\"2 column\"","text":"2 column"},"inventory":null},"(15,1,2)":{"fields":{"infotext":"FPGA (overheated)","instr":" _BD/C&BA/////////////","portstates":"0000","valid":"0"},"inventory":null},"(15,1,3)":{"fields":{"infotext":"FPGA (overheated)","instr":" _BD/ ~B0/0&CA////////////","portstates":"0000","valid":"0"},"inventory":null},"(15,1,4)":{"fields":{"infotext":"FPGA (overheated)","instr":" _BD/ ~B0/0&CA////////////","portstates":"0000","valid":"0"},"inventory":null},"(15,1,5)":{"fields":{"infotext":"FPGA (functional)","instr":" _BD/C&BA/////////////","portstates":"0000","valid":"1"},"inventory":null},"(15,1,6)":{"fields":{"infotext":"FPGA (functional)","instr":" _BD/C&BA/////////////","portstates":"0000","valid":"1"},"inventory":null},"(15,1,7)":{"fields":{"infotext":"FPGA (functional)","instr":" _BD/ ~B0/0&CA////////////","portstates":"0000","valid":"1"},"inventory":null},"(15,1,8)":{"fields":{"infotext":"FPGA (functional)","instr":" _BD/ ~B0/0&CA////////////","portstates":"0000","valid":"1"},"inventory":null},"(15,1,9)":{"fields":{"infotext":"FPGA (functional)","instr":" _BD/C&BA/////////////","portstates":"0010","valid":"1"},"inventory":null},"(3,1,0)":{"fields":{"formspec":"field[text;;${text}]","infotext":"\"Address 12\"","text":"Address 12"},"inventory":null},"(3,1,1)":{"fields":{"formspec":"field[text;;${text}]","infotext":"\"Address 11\"","text":"Address 11"},"inventory":null},"(3,1,10)":{"fields":{"formspec":"field[text;;${text}]","infotext":"\"Address 2\"","text":"Address 2"},"inventory":null},"(3,1,11)":{"fields":{"formspec":"field[text;;${text}]","infotext":"\"Address 1\"","text":"Address 1"},"inventory":null},"(3,1,12)":{"fields":{"formspec":"field[text;;${text}]","infotext":"\"Address 0\"","text":"Address 0"},"inventory":null},"(3,1,2)":{"fields":{"formspec":"field[text;;${text}]","infotext":"\"Address 10\"","text":"Address 10"},"inventory":null},"(3,1,3)":{"fields":{"formspec":"field[text;;${text}]","infotext":"\"Address 9\"","text":"Address 9"},"inventory":null},"(3,1,4)":{"fields":{"formspec":"field[text;;${text}]","infotext":"\"Address 8\"","text":"Address 8"},"inventory":null},"(3,1,5)":{"fields":{"formspec":"field[text;;${text}]","infotext":"\"Address 7\"","text":"Address 7"},"inventory":null},"(3,1,6)":{"fields":{"formspec":"field[text;;${text}]","infotext":"\"Address 6\"","text":"Address 6"},"inventory":null},"(3,1,7)":{"fields":{"formspec":"field[text;;${text}]","infotext":"\"Address 5\"","text":"Address 5"},"inventory":null},"(3,1,8)":{"fields":{"formspec":"field[text;;${text}]","infotext":"\"Address 4\"","text":"Address 4"},"inventory":null},"(3,1,9)":{"fields":{"formspec":"field[text;;${text}]","infotext":"\"Address 3\"","text":"Address 3"},"inventory":null},"(4,1,14)":{"fields":{"formspec":"field[text;;${text}]","infotext":"\"4:16 Bit Decoder v.4\"","text":"4:16 Bit Decoder v.4"},"inventory":null},"(5,1,11)":{"fields":{"code":"if (event.type == \"digiline\" and event.channel == \"display\") then\n\n  b = (event.msg == 0) and true or false\n  a = (event.msg == 1) and true or false\n  d = (event.msg == 2) and true or false\n  port = {b=b, a=a, d=d}\n\nend","formspec":"size[12,10]background[-0.2,-0.25;12.4,10.75;jeija_luac_background.png]label[0.1,8.3;]textarea[0.2,0.2;12.2,9.5;code;;if (event.type == \"digiline\" and event.channel == \"display\") then\n\n  b = (event.msg == 0) and true or false\n  a = (event.msg == 1) and true or false\n  d = (event.msg == 2) and true or false\n  port = {b=b\\, a=a\\, d=d}\n\nend]image_button[4.75,8.75;2.5,1;jeija_luac_runbutton.png;program;]image_button_exit[11.72,-0.25;0.425,0.4;jeija_close_window.png;exit;]","ignore_offevents":"return {[\"A\"] = true, [\"B\"] = true}","lc_memory":"return {}","luac_id":"39285","real_portstates":"1"},"inventory":null},"(5,1,15)":{"fields":{"formspec":"field[text;;${text}]","infotext":"\"1\"","text":"1"},"inventory":null},"(5,1,2)":{"fields":{"code":"if (event.type == \"digiline\" and event.channel == \"display\") then\n\n  b = (event.msg == 9) and true or false\n  a = (event.msg == 10) and true or false\n  d = (event.msg == 11) and true or false\n  port = {b=b, a=a, d=d}\n\nend","formspec":"size[12,10]background[-0.2,-0.25;12.4,10.75;jeija_luac_background.png]label[0.1,8.3;]textarea[0.2,0.2;12.2,9.5;code;;if (event.type == \"digiline\" and event.channel == \"display\") then\n\n  b = (event.msg == 9) and true or false\n  a = (event.msg == 10) and true or false\n  d = (event.msg == 11) and true or false\n  port = {b=b\\, a=a\\, d=d}\n\nend]image_button[4.75,8.75;2.5,1;jeija_luac_runbutton.png;program;]image_button_exit[11.72,-0.25;0.425,0.4;jeija_close_window.png;exit;]","ignore_offevents":"return {[\"A\"] = true}","lc_memory":"return {}","luac_id":"55033","real_portstates":"1"},"inventory":null},"(5,1,5)":{"fields":{"code":"if (event.type == \"digiline\" and event.channel == \"display\") then\n\n  b = (event.msg == 6) and true or false\n  a = (event.msg == 7) and true or false\n  d = (event.msg == 8) and true or false\n  port = {b=b, a=a, d=d}\n\nend","formspec":"size[12,10]background[-0.2,-0.25;12.4,10.75;jeija_luac_background.png]label[0.1,8.3;]textarea[0.2,0.2;12.2,9.5;code;;if (event.type == \"digiline\" and event.channel == \"display\") then\n\n  b = (event.msg == 6) and true or false\n  a = (event.msg == 7) and true or false\n  d = (event.msg == 8) and true or false\n  port = {b=b\\, a=a\\, d=d}\n\nend]image_button[4.75,8.75;2.5,1;jeija_luac_runbutton.png;program;]image_button_exit[11.72,-0.25;0.425,0.4;jeija_close_window.png;exit;]","ignore_offevents":"return {[\"A\"] = true}","lc_memory":"return {}","luac_id":"37458","real_portstates":"1"},"inventory":null},"(5,1,8)":{"fields":{"code":"if (event.type == \"digiline\" and event.channel == \"display\") then\n\n  b = (event.msg == 3) and true or false\n  a = (event.msg == 4) and true or false\n  d = (event.msg == 5) and true or false\n  port = {b=b, a=a, d=d}\n\nend","formspec":"size[12,10]background[-0.2,-0.25;12.4,10.75;jeija_luac_background.png]label[0.1,8.3;]textarea[0.2,0.2;12.2,9.5;code;;if (event.type == \"digiline\" and event.channel == \"display\") then\n\n  b = (event.msg == 3) and true or false\n  a = (event.msg == 4) and true or false\n  d = (event.msg == 5) and true or false\n  port = {b=b\\, a=a\\, d=d}\n\nend]image_button[4.75,8.75;2.5,1;jeija_luac_runbutton.png;program;]image_button_exit[11.72,-0.25;0.425,0.4;jeija_close_window.png;exit;]","ignore_offevents":"return {[\"A\"] = true}","lc_memory":"return {}","luac_id":"56964","real_portstates":"1"},"inventory":null},"(6,1,13)":{"fields":{"code":"if (event.type == \"on\" or event.type == \"off\") then\n  din1 = {}\n  input1 = pin.b and 1 or 0\n  input2 = pin.a and 1 or 0\n  table.insert(din1, input1)\n  table.insert(din1, input2)\n  digiline_send(\"din1\", din1)\nend\nif (event.type == \"digiline\" and event.channel == \"din2\") then\n  dout = {}\n  input3 = pin.b and 1 or 0\n  input4 = pin.a and 1 or 0\n  table.insert(dout, event.msg[1])\n  table.insert(dout, event.msg[2])\n  table.insert(dout, input3)\n  table.insert(dout, input4)\n  ndout = tonumber(table.concat(dout), 2)\n  digiline_send(\"display\", ndout)\nend","formspec":"size[12,10]background[-0.2,-0.25;12.4,10.75;jeija_luac_background.png]label[0.1,8.3;]textarea[0.2,0.2;12.2,9.5;code;;if (event.type == \"on\" or event.type == \"off\") then\n  din1 = {}\n  input1 = pin.b and 1 or 0\n  input2 = pin.a and 1 or 0\n  table.insert(din1\\, input1)\n  table.insert(din1\\, input2)\n  digiline_send(\"din1\"\\, din1)\nend\nif (event.type == \"digiline\" and event.channel == \"din2\") then\n  dout = {}\n  input3 = pin.b and 1 or 0\n  input4 = pin.a and 1 or 0\n  table.insert(dout\\, event.msg\\[1\\])\n  table.insert(dout\\, event.msg\\[2\\])\n  table.insert(dout\\, input3)\n  table.insert(dout\\, input4)\n  ndout = tonumber(table.concat(dout)\\, 2)\n  digiline_send(\"display\"\\, ndout)\nend]image_button[4.75,8.75;2.5,1;jeija_luac_runbutton.png;program;]image_button_exit[11.72,-0.25;0.425,0.4;jeija_close_window.png;exit;]","ignore_offevents":"return {}","lc_memory":"return {[\"input\"] = {0, 0, 0, 0, 0, 0, 0, 0, 0, 0, 0, 0, 0, 0, 0, 0, 0, 0, 0, 0, 0, 0, 0, 0, 0, 0, 0, 0, 0, 0, 0, 0, 0, 0, 0, 0, 0, 0, 0, 0, 0, 0, 0, 0, 0, 0, 0, 0, 0, 0, 0, 0, 0, 0, 0, 0, 0, 0, 0, 0, 0, 0, 0, 0, 0, 0, 0, 0, 0, 0, 0, 0, 0, 0, 0, 0, 0, 0, 0, 0, 0, 0, 0, 0, 0, 0, 0, 0, 0, 0, 0, 0, 0, 0, 0, 0, 0, 0, 0, 0, 0, 0, 0, 0, 0, 0, 0, 0, 0, 0, 0, 0, 0, 0, 0, 0, 0, 0, 0, 0, 0, 0, 0, 0, 0, 0, 0, 0, 0, 0, 0, 0, 0, 0, 0, 0, 0, 0, 0, 0, 0, 0, 0, 0, 0, 0, 0, 0, 0, 0, 0, 0, 0, 0, 0, 0, 0, 0, 0, 0, 0, 0, 0, 0, 0, 0, 0, 0, 0, 0, 0, 0, 0, 0, 0, 0, 0, 0, 0, 0, 0, 0, 0, 0, 0, 0, 0, 0, 0, 0, 0, 0, 0, 0, 0, 0, 0, 0, 0, 0, 0, 0, 0, 0, 0, 0, 0, 0, 0, 0, 0, 0, 0, 0, 0, 0, 0, 0, 0, 0, 0, 0, 0, 0, 0, 0, 0, 0, 0, 0, 0, 0, 0, 0, 0, 0, 0, 0, 0, 0, 0, 0, 0, 0, 0, 0, 0, 0, 0, 0, 0, 0, 0, 0, 0, 0, 0, 0, 0, 0, 0, 0, 0, 0, 0, 0, 0, 0, 0, 0, 0, 0, 0, 0, 0, 0, 0, 0, 0, 0, 0, 0, 0, 0, 0, 0, 0, 0, 0, 0, 0, 0, 0, 0, 0, 0, 0, 0, 0, 0, 0, 0, 0, 0, 0, 0, 0, 0}}","luac_id":"46825","real_portstates":"1"},"inventory":null},"(6,1,15)":{"fields":{"formspec":"field[text;;${text}]","infotext":"\"2\"","text":"2"},"inventory":null},"(7,1,13)":{"fields":{"code":"if (event.type == \"on\" or event.type == \"off\") then\n  din2 = {}\n  input1 = pin.c and 1 or 0\n  input2 = pin.b and 1 or 0\n  table.insert(din2, input1)\n  table.insert(din2, input2)\n  digiline_send(\"din2\", din2)\nend\nif (event.type == \"digiline\" and event.channel == \"din1\") then\n  dout = {}\n  input1 = pin.c and 1 or 0\n  input2 = pin.b and 1 or 0\n  table.insert(dout, input1)\n  table.insert(dout, input2)\n  table.insert(dout, event.msg[1])\n  table.insert(dout, event.msg[2])\n  ndout = tonumber(table.concat(dout), 2)\n\n  digiline_send(\"display\", ndout)\nend","formspec":"size[12,10]background[-0.2,-0.25;12.4,10.75;jeija_luac_background.png]label[0.1,8.3;]textarea[0.2,0.2;12.2,9.5;code;;if (event.type == \"on\" or event.type == \"off\") then\n  din2 = {}\n  input1 = pin.c and 1 or 0\n  input2 = pin.b and 1 or 0\n  table.insert(din2\\, input1)\n  table.insert(din2\\, input2)\n  digiline_send(\"din2\"\\, din2)\nend\nif (event.type == \"digiline\" and event.channel == \"din1\") then\n  dout = {}\n  input1 = pin.c and 1 or 0\n  input2 = pin.b and 1 or 0\n  table.insert(dout\\, input1)\n  table.insert(dout\\, input2)\n  table.insert(dout\\, event.msg\\[1\\])\n  table.insert(dout\\, event.msg\\[2\\])\n  ndout = tonumber(table.concat(dout)\\, 2)\n\n  digiline_send(\"display\"\\, ndout)\nend]image_button[4.75,8.75;2.5,1;jeija_luac_runbutton.png;program;]image_button_exit[11.72,-0.25;0.425,0.4;jeija_close_window.png;exit;]","ignore_offevents":"return {}","lc_memory":"return {[\"input\"] = {false, false, true, true}}","luac_id":"35056","real_portstates":"1"},"inventory":null},"(7,1,15)":{"fields":{"formspec":"field[text;;${text}]","infotext":"\"4\"","text":"4"},"inventory":null},"(8,1,15)":{"fields":{"formspec":"field[text;;${text}]","infotext":"\"8\"","text":"8"},"inventory":null}},"timers":null},"(2,2,4)":{"meta":{"(12,1,11)":{"fields":{"formspec":"field[text;;${text}]","infotext":"\"Address 7\"","text":"Address 7"},"inventory":null},"(12,1,12)":{"fields":{"formspec":"field[text;;${text}]","infotext":"\"Address 6\"","text":"Address 6"},"inventory":null},"(12,1,13)":{"fields":{"formspec":"field[text;;${text}]","infotext":"\"Address 5\"","text":"Address 5"},"inventory":null},"(12,1,14)":{"fields":{"formspec":"field[text;;${text}]","infotext":"\"Address 4\"","text":"Address 4"},"inventory":null},"(12,1,15)":{"fields":{"formspec":"field[text;;${text}]","infotext":"\"Address 3\"","text":"Address 3"},"inventory":null},"(14,1,11)":{"fields":{"infotext":"FPGA (functional)","instr":" _BD/B&CA/////////////","portstates":"0000","valid":"1"},"inventory":null},"(14,1,12)":{"fields":{"infotext":"FPGA (functional)","instr":" _BD/ ~B0/0&CA////////////","portstates":"0000","valid":"1"},"inventory":null},"(14,1,13)":{"fields":{"infotext":"FPGA (functional)","instr":" _BD/B&CA/////////////","portstates":"0000","valid":"1"},"inventory":null},"(14,1,14)":{"fields":{"infotext":"FPGA (functional)","instr":" _BD/ ~B0/0&CA////////////","portstates":"0000","valid":"1"},"inventory":null},"(14,1,15)":{"fields":{"infotext":"FPGA (functional)","instr":" _BD/B&CA/////////////","portstates":"0000","valid":"1"},"inventory":null},"(14,1,9)":{"fields":{"formspec":"field[text;;${text}]","infotext":"\"1\"","text":"1"},"inventory":null},"(15,1,11)":{"fields":{"infotext":"FPGA (functional)","instr":" _BD/B&CA/////////////","portstates":"0000","valid":"1"},"inventory":null},"(15,1,12)":{"fields":{"infotext":"FPGA (functional)","instr":" _BD/B&CA/////////////","portstates":"0000","valid":"1"},"inventory":null},"(15,1,13)":{"fields":{"infotext":"FPGA (functional)","instr":" _BD/ ~B0/0&CA////////////","portstates":"0000","valid":"1"},"inventory":null},"(15,1,14)":{"fields":{"infotext":"FPGA (functional)","instr":" _BD/ ~B0/0&CA////////////","portstates":"0000","valid":"1"},"inventory":null},"(15,1,15)":{"fields":{"infotext":"FPGA (functional)","instr":" _BD/ ~C0/B&0A////////////","portstates":"0000","valid":"1"},"inventory":null},"(15,1,9)":{"fields":{"formspec":"field[text;;${text}]","infotext":"\"2\"","text":"2"},"inventory":null},"(3,1,11)":{"fields":{"formspec":"field[text;;${text}]","infotext":"\"Address 7\"","text":"Address 7"},"inventory":null},"(3,1,12)":{"fields":{"formspec":"field[text;;${text}]","infotext":"\"Address 6\"","text":"Address 6"},"inventory":null},"(3,1,13)":{"fields":{"formspec":"field[text;;${text}]","infotext":"\"Address 5\"","text":"Address 5"},"inventory":null},"(3,1,14)":{"fields":{"formspec":"field[text;;${text}]","infotext":"\"Address 4\"","text":"Address 4"},"inventory":null},"(3,1,15)":{"fields":{"formspec":"field[text;;${text}]","infotext":"\"Address 3\"","text":"Address 3"},"inventory":null},"(5,1,11)":{"fields":{"code":"if (event.type == \"digiline\" and event.channel == \"display\") then\n\n  b = (event.msg == 6) and true or false\n  a = (event.msg == 7) and true or false\n  port = {b=b, a=a}\n\nend","formspec":"size[12,10]background[-0.2,-0.25;12.4,10.75;jeija_luac_background.png]label[0.1,8.3;]textarea[0.2,0.2;12.2,9.5;code;;if (event.type == \"digiline\" and event.channel == \"display\") then\n\n  b = (event.msg == 6) and true or false\n  a = (event.msg == 7) and true or false\n  port = {b=b\\, a=a}\n\nend]image_button[4.75,8.75;2.5,1;jeija_luac_runbutton.png;program;]image_button_exit[11.72,-0.25;0.425,0.4;jeija_close_window.png;exit;]","ignore_offevents":"return {[\"A\"] = true}","lc_memory":"return {}","luac_id":"52159","real_portstates":"1"},"inventory":null},"(5,1,14)":{"fields":{"code":"if (event.type == \"digiline\" and event.channel == \"display\") then\n\n  b = (event.msg == 3) and true or false\n  a = (event.msg == 4) and true or false\n  d = (event.msg == 5) and true or false\n  port = {b=b, a=a, d=d}\n\nend","formspec":"size[12,10]background[-0.2,-0.25;12.4,10.75;jeija_luac_background.png]label[0.1,8.3;]textarea[0.2,0.2;12.2,9.5;code;;if (event.type == \"digiline\" and event.channel == \"display\") then\n\n  b = (event.msg == 3) and true or false\n  a = (event.msg == 4) and true or false\n  d = (event.msg == 5) and true or false\n  port = {b=b\\, a=a\\, d=d}\n\nend]image_button[4.75,8.75;2.5,1;jeija_luac_runbutton.png;program;]image_button_exit[11.72,-0.25;0.425,0.4;jeija_close_window.png;exit;]","ignore_offevents":"return {[\"A\"] = true}","lc_memory":"return {}","luac_id":"56964","real_portstates":"1"},"inventory":null}},"timers":null},"(3,2,0)":{"meta":{"(4,1,15)":{"fields":{"infotext":"FPGA (functional)","instr":"A&BD//////////////","portstates":"0100","valid":"1"},"inventory":null}},"timers":null},"(3,2,1)":{"meta":{"(14,3,13)":{"fields":{"display_text":"Memory cells","infotext":"\"Memory cells\"\n(right-click to read more text)","text":"Simple memory cell examples"},"inventory":null},"(3,1,0)":{"fields":{"infotext":"FPGA (functional)","instr":"B&CD/ _CA/////////////","portstates":"0000","valid":"1"},"inventory":null},"(4,1,0)":{"fields":{"infotext":"FPGA (functional)","instr":" ~CD/ _CA/////////////","portstates":"0000","valid":"1"},"inventory":null},"(4,1,3)":{"fields":{"display_text":"Set state","font":"metro","formspec":"size[6,3.2]textarea[0.5,0.7;5.5,2;display_text;Text (first 2 lines only);${display_text}]button[1,2.4;2,1;font;Font]button_exit[3,2.4;2,1;ok;Write]","infotext":"\"Set state\""},"inventory":null},"(7,1,1)":{"fields":{"display_text":"Write enable","font":"metro","formspec":"size[6,3.2]textarea[0.5,0.7;5.5,2;display_text;Text (first 2 lines only);${display_text}]button[1,2.4;2,1;font;Font]button_exit[3,2.4;2,1;ok;Write]","infotext":"\"Write enable\""},"inventory":null},"(8,1,5)":{"fields":{"display_text":"1 bit cell","infotext":"\"1 bit cell\"\n(right-click to read more text)","text":"- by pampogokiraly\n\nStores a single bit (lightstone) if the\n\"write enable\" signal is true"},"inventory":null}},"timers":null},"(3,2,2)":{"meta":{"(0,1,11)":{"fields":{"formspec":"field[text;;${text}]","infotext":"\"4\"","text":"4"},"inventory":null},"(0,1,13)":{"fields":{"infotext":"FPGA (functional)","instr":" _BD/B&CA/////////////","portstates":"0000","valid":"1"},"inventory":null},"(0,1,14)":{"fields":{"infotext":"FPGA (functional)","instr":" _BD/B&CA/////////////","portstates":"0000","valid":"1"},"inventory":null},"(0,1,15)":{"fields":{"infotext":"FPGA (functional)","instr":" _BD/B&CA/////////////","portstates":"0000","valid":"1"},"inventory":null},"(1,1,11)":{"fields":{"formspec":"field[text;;${text}]","infotext":"\"8\"","text":"8"},"inventory":null},"(10,1,11)":{"fields":{"formspec":"field[text;;${text}]","infotext":"\"8\"","text":"8"},"inventory":null},"(11,1,11)":{"fields":{"formspec":"field[text;;${text}]","infotext":"\"12\"","text":"12"},"inventory":null},"(11,1,13)":{"fields":{"infotext":"FPGA (functional)","instr":" _BD/B&CA/////////////","portstates":"0000","valid":"1"},"inventory":null},"(11,1,14)":{"fields":{"infotext":"FPGA (functional)","instr":" _BD/B&CA/////////////","portstates":"0000","valid":"1"},"inventory":null},"(11,1,15)":{"fields":{"infotext":"FPGA (functional)","instr":" _BD/B&CA/////////////","portstates":"0000","valid":"1"},"inventory":null},"(12,1,11)":{"fields":{"formspec":"field[text;;${text}]","infotext":"\"0\"","text":"0"},"inventory":null},"(13,1,11)":{"fields":{"formspec":"field[text;;${text}]","infotext":"\"1\"","text":"1"},"inventory":null},"(14,1,11)":{"fields":{"formspec":"field[text;;${text}]","infotext":"\"2\"","text":"2"},"inventory":null},"(14,2,3)":{"fields":{"display_text":"License","infotext":"\"License\"\n(right-click to read more text)","text":"CC BY SA 4.0\n\nBuilt by So.Po.Coder\nhttps://forum.minetest.net/viewtopic.php?f=12&t=24034"},"inventory":null},"(14,3,3)":{"fields":{"display_text":"Decoder Demo","infotext":"\"Decoder Demo\"\n(right-click to read more text)","text":"Some demos for different versions of 3:8 and 4:16 bit decoders. Top row is a 4:16 bit decoder made exclusively with logic gates, middle rows are 3:8 and 4:16 bit decoders made using FPGAs to try and reduce the circuit size, and in the bottom row are the 3:8 and 4:16 bit decoders using Luacontrollers and Digilines. Included circuits are:\n\n    3:8 Bit Decoder\n    4:16 Bit Decoder"},"inventory":null},"(15,1,11)":{"fields":{"formspec":"field[text;;${text}]","infotext":"\"3\"","text":"3"},"inventory":null},"(5,1,13)":{"fields":{"formspec":"field[text;;${text}]","infotext":"\"Address 15\"","text":"Address 15"},"inventory":null},"(5,1,14)":{"fields":{"formspec":"field[text;;${text}]","infotext":"\"Address 14\"","text":"Address 14"},"inventory":null},"(5,1,15)":{"fields":{"formspec":"field[text;;${text}]","infotext":"\"Address 13\"","text":"Address 13"},"inventory":null},"(8,1,11)":{"fields":{"formspec":"field[text;;${text}]","infotext":"\"0\"","text":"0"},"inventory":null},"(9,1,11)":{"fields":{"formspec":"field[text;;${text}]","infotext":"\"4\"","text":"4"},"inventory":null}},"timers":null},"(3,2,3)":{"meta":{"(0,1,0)":{"fields":{"infotext":"FPGA (functional)","instr":" _BD/B&CA/////////////","portstates":"0000","valid":"1"},"inventory":null},"(0,1,1)":{"fields":{"infotext":"FPGA (functional)","instr":" _BD/ ~B0/0&CA////////////","portstates":"0000","valid":"1"},"inventory":null},"(0,1,10)":{"fields":{"infotext":"FPGA (functional)","instr":" _BD/ ~B0/ ~C1/0&1A///////////","portstates":"0000","valid":"1"},"inventory":null},"(0,1,11)":{"fields":{"infotext":"FPGA (functional)","instr":" _BD/ ~B0/ ~C1/0&1A///////////","portstates":"0000","valid":"1"},"inventory":null},"(0,1,12)":{"fields":{"infotext":"FPGA (functional)","instr":" _BD/ ~B0/ ~C1/0&1A///////////","portstates":"0000","valid":"1"},"inventory":null},"(0,1,15)":{"fields":{"formspec":"field[text;;${text}]","infotext":"\"4 column\"","text":"4 column"},"inventory":null},"(0,1,2)":{"fields":{"infotext":"FPGA (functional)","instr":" _BD/ ~B0/0&CA////////////","portstates":"0000","valid":"1"},"inventory":null},"(0,1,3)":{"fields":{"infotext":"FPGA (functional)","instr":" _BD/ ~B0/0&CA////////////","portstates":"0000","valid":"1"},"inventory":null},"(0,1,4)":{"fields":{"infotext":"FPGA (functional)","instr":" _BD/ ~B0/0&CA////////////","portstates":"0000","valid":"1"},"inventory":null},"(0,1,5)":{"fields":{"infotext":"FPGA (functional)","instr":" _BD/ ~C1/B&1A////////////","portstates":"0000","valid":"1"},"inventory":null},"(0,1,6)":{"fields":{"infotext":"FPGA (functional)","instr":" _BD/ ~C1/B&1A////////////","portstates":"0000","valid":"1"},"inventory":null},"(0,1,7)":{"fields":{"infotext":"FPGA (functional)","instr":" _BD/ ~C1/B&1A////////////","portstates":"0000","valid":"1"},"inventory":null},"(0,1,8)":{"fields":{"infotext":"FPGA (functional)","instr":" _BD/ ~C1/B&1A////////////","portstates":"0000","valid":"1"},"inventory":null},"(0,1,9)":{"fields":{"infotext":"FPGA (functional)","instr":" _BD/ ~B0/ ~C1/0&1A///////////","portstates":"0000","valid":"1"},"inventory":null},"(1,1,15)":{"fields":{"formspec":"field[text;;${text}]","infotext":"\"8 column\"","text":"8 column"},"inventory":null},"(10,1,1)":{"fields":{"infotext":"FPGA (functional)","instr":" _BD/B&CA/////////////","portstates":"0000","valid":"1"},"inventory":null},"(10,1,2)":{"fields":{"infotext":"FPGA (functional)","instr":" _BD/B&CA/////////////","portstates":"0000","valid":"1"},"inventory":null},"(10,1,3)":{"fields":{"infotext":"FPGA (functional)","instr":" _BD/B&CA/////////////","portstates":"0000","valid":"1"},"inventory":null},"(10,1,4)":{"fields":{"infotext":"FPGA (functional)","instr":" _BD/B&CA/////////////","portstates":"0010","valid":"1"},"inventory":null},"(11,1,0)":{"fields":{"infotext":"FPGA (functional)","instr":" _BD/B&CA/////////////","portstates":"0010","valid":"1"},"inventory":null},"(13,1,14)":{"fields":{"infotext":"FPGA (functional)","instr":" ~A0/ ~B1/A&BC/A&1D///////////","portstates":"0000","valid":"1"},"inventory":null},"(14,1,15)":{"fields":{"infotext":"FPGA (functional)","instr":" ~A0/ ~B1/A&1D/0&1C///////////","portstates":"0000","valid":"1"},"inventory":null},"(5,1,0)":{"fields":{"formspec":"field[text;;${text}]","infotext":"\"Address 12\"","text":"Address 12"},"inventory":null},"(5,1,1)":{"fields":{"formspec":"field[text;;${text}]","infotext":"\"Address 11\"","text":"Address 11"},"inventory":null},"(5,1,10)":{"fields":{"formspec":"field[text;;${text}]","infotext":"\"Address 2\"","text":"Address 2"},"inventory":null},"(5,1,11)":{"fields":{"formspec":"field[text;;${text}]","infotext":"\"Address 1\"","text":"Address 1"},"inventory":null},"(5,1,12)":{"fields":{"formspec":"field[text;;${text}]","infotext":"\"Address 0\"","text":"Address 0"},"inventory":null},"(5,1,14)":{"fields":{"formspec":"field[text;;${text}]","infotext":"\"1 column\"","text":"1 column"},"inventory":null},"(5,1,15)":{"fields":{"formspec":"field[text;;${text}]","infotext":"\"2 column\"","text":"2 column"},"inventory":null},"(5,1,2)":{"fields":{"formspec":"field[text;;${text}]","infotext":"\"Address 10\"","text":"Address 10"},"inventory":null},"(5,1,3)":{"fields":{"formspec":"field[text;;${text}]","infotext":"\"Address 9\"","text":"Address 9"},"inventory":null},"(5,1,4)":{"fields":{"formspec":"field[text;;${text}]","infotext":"\"Address 8\"","text":"Address 8"},"inventory":null},"(5,1,5)":{"fields":{"formspec":"field[text;;${text}]","infotext":"\"Address 7\"","text":"Address 7"},"inventory":null},"(5,1,6)":{"fields":{"formspec":"field[text;;${text}]","infotext":"\"Address 6\"","text":"Address 6"},"inventory":null},"(5,1,7)":{"fields":{"formspec":"field[text;;${text}]","infotext":"\"Address 5\"","text":"Address 5"},"inventory":null},"(5,1,8)":{"fields":{"formspec":"field[text;;${text}]","infotext":"\"Address 4\"","text":"Address 4"},"inventory":null},"(5,1,9)":{"fields":{"formspec":"field[text;;${text}]","infotext":"\"Address 3\"","text":"Address 3"},"inventory":null},"(8,1,10)":{"fields":{"infotext":"FPGA (functional)","instr":" _BD/B&CA/////////////","portstates":"0100","valid":"1"},"inventory":null},"(8,1,11)":{"fields":{"infotext":"FPGA (functional)","instr":" _BD/B&CA/////////////","portstates":"0100","valid":"1"},"inventory":null},"(8,1,12)":{"fields":{"infotext":"FPGA (functional)","instr":" _BD/B&CA/////////////","portstates":"0110","valid":"1"},"inventory":null},"(8,1,9)":{"fields":{"infotext":"FPGA (functional)","instr":" _BD/B&CA/////////////","portstates":"0100","valid":"1"},"inventory":null},"(9,1,5)":{"fields":{"infotext":"FPGA (functional)","instr":" _BD/B&CA/////////////","portstates":"0000","valid":"1"},"inventory":null},"(9,1,6)":{"fields":{"infotext":"FPGA (functional)","instr":" _BD/B&CA/////////////","portstates":"0000","valid":"1"},"inventory":null},"(9,1,7)":{"fields":{"infotext":"FPGA (functional)","instr":" _BD/B&CA/////////////","portstates":"0000","valid":"1"},"inventory":null},"(9,1,8)":{"fields":{"infotext":"FPGA (functional)","instr":" _BD/B&CA/////////////","portstates":"0010","valid":"1"},"inventory":null}},"timers":null},"(3,2,4)":{"meta":{"(0,1,9)":{"fields":{"formspec":"field[text;;${text}]","infotext":"\"4\"","text":"4"},"inventory":null},"(10,1,11)":{"fields":{"infotext":"FPGA (functional)","instr":" _BD/B&CA/////////////","portstates":"0000","valid":"1"},"inventory":null},"(10,1,12)":{"fields":{"infotext":"FPGA (functional)","instr":" _BD/B&CA/////////////","portstates":"0010","valid":"1"},"inventory":null},"(10,1,15)":{"fields":{"infotext":"FPGA (functional)","instr":" _BD/B&CA/////////////","portstates":"0000","valid":"1"},"inventory":null},"(10,1,9)":{"fields":{"formspec":"field[text;;${text}]","infotext":"\"2 on\"","text":"2 on"},"inventory":null},"(11,1,9)":{"fields":{"formspec":"field[text;;${text}]","infotext":"\"1 off\"","text":"1 off"},"inventory":null},"(12,1,9)":{"fields":{"formspec":"field[text;;${text}]","infotext":"\"1 on\"","text":"1 on"},"inventory":null},"(15,1,1)":{"fields":{"formspec":"field[text;;${text}]","infotext":"\"4:16 Bit Decoder v.2\"","text":"4:16 Bit Decoder v.2"},"inventory":null},"(5,1,0)":{"fields":{"formspec":"field[text;;${text}]","infotext":"\"4 column\"","text":"4 column"},"inventory":null},"(5,1,1)":{"fields":{"formspec":"field[text;;${text}]","infotext":"\"8 column\"","text":"8 column"},"inventory":null},"(5,1,11)":{"fields":{"formspec":"field[text;;${text}]","infotext":"\"Address 8\"","text":"Address 8"},"inventory":null},"(5,1,12)":{"fields":{"formspec":"field[text;;${text}]","infotext":"\"Address 7\"","text":"Address 7"},"inventory":null},"(5,1,13)":{"fields":{"formspec":"field[text;;${text}]","infotext":"\"Address 6\"","text":"Address 6"},"inventory":null},"(5,1,14)":{"fields":{"formspec":"field[text;;${text}]","infotext":"\"Address 5\"","text":"Address 5"},"inventory":null},"(5,1,15)":{"fields":{"formspec":"field[text;;${text}]","infotext":"\"Address 4\"","text":"Address 4"},"inventory":null},"(7,1,15)":{"fields":{"infotext":"FPGA (functional)","instr":" _BD/B&CA/////////////","portstates":"0100","valid":"1"},"inventory":null},"(7,1,9)":{"fields":{"formspec":"field[text;;${text}]","infotext":"\"4 off\"","text":"4 off"},"inventory":null},"(8,1,0)":{"fields":{"infotext":"FPGA (functional)","instr":" ~A0/ ~B1/B&0C/0&1D///////////","portstates":"0000","valid":"1"},"inventory":null},"(8,1,11)":{"fields":{"infotext":"FPGA (functional)","instr":" _BD/B&CA/////////////","portstates":"0000","valid":"1"},"inventory":null},"(8,1,12)":{"fields":{"infotext":"FPGA (functional)","instr":" _BD/B&CA/////////////","portstates":"0000","valid":"1"},"inventory":null},"(8,1,13)":{"fields":{"infotext":"FPGA (functional)","instr":" _BD/B&CA/////////////","portstates":"0000","valid":"1"},"inventory":null},"(8,1,14)":{"fields":{"infotext":"FPGA (functional)","instr":" _BD/B&CA/////////////","portstates":"0010","valid":"1"},"inventory":null},"(8,1,9)":{"fields":{"formspec":"field[text;;${text}]","infotext":"\"4 on\"","text":"4 on"},"inventory":null},"(9,1,1)":{"fields":{"infotext":"FPGA (functional)","instr":" ~A0/ ~B1/B&AC/B&0D///////////","portstates":"0000","valid":"1"},"inventory":null},"(9,1,13)":{"fields":{"infotext":"FPGA (functional)","instr":" _BD/B&CA/////////////","portstates":"0100","valid":"1"},"inventory":null},"(9,1,14)":{"fields":{"infotext":"FPGA (functional)","instr":" _BD/B&CA/////////////","portstates":"0110","valid":"1"},"inventory":null},"(9,1,9)":{"fields":{"formspec":"field[text;;${text}]","infotext":"\"2 off\"","text":"2 off"},"inventory":null}},"timers":null},"(4,2,2)":{"meta":{"(10,1,11)":{"fields":{"formspec":"field[text;;${text}]","infotext":"\"4\"","text":"4"},"inventory":null},"(12,1,11)":{"fields":{"formspec":"field[text;;${text}]","infotext":"\"1\"","text":"1"},"inventory":null},"(13,1,11)":{"fields":{"formspec":"field[text;;${text}]","infotext":"\"8\"","text":"8"},"inventory":null},"(15,1,11)":{"fields":{"formspec":"field[text;;${text}]","infotext":"\"2\"","text":"2"},"inventory":null},"(4,1,13)":{"fields":{"formspec":"field[text;;${text}]","infotext":"\"Address 15\"","text":"Address 15"},"inventory":null},"(4,1,15)":{"fields":{"formspec":"field[text;;${text}]","infotext":"\"Address 14\"","text":"Address 14"},"inventory":null},"(7,1,11)":{"fields":{"formspec":"field[text;;${text}]","infotext":"\"0\"","text":"0"},"inventory":null},"(9,1,11)":{"fields":{"formspec":"field[text;;${text}]","infotext":"\"0\"","text":"0"},"inventory":null}},"timers":null},"(4,2,3)":{"meta":{"(11,1,14)":{"fields":{"input1":"0","input2":"0"},"inventory":null},"(14,1,10)":{"fields":{"input1":"0","input2":"0"},"inventory":null},"(14,1,12)":{"fields":{"input1":"1","input2":"0"},"inventory":null},"(14,1,6)":{"fields":{"input1":"0","input2":"0"},"inventory":null},"(14,1,8)":{"fields":{"input1":"0","input2":"0"},"inventory":null},"(4,1,1)":{"fields":{"formspec":"field[text;;${text}]","infotext":"\"Address 13\"","text":"Address 13"},"inventory":null},"(4,1,11)":{"fields":{"formspec":"field[text;;${text}]","infotext":"\"Address 8\"","text":"Address 8"},"inventory":null},"(4,1,13)":{"fields":{"formspec":"field[text;;${text}]","infotext":"\"Address 7\"","text":"Address 7"},"inventory":null},"(4,1,15)":{"fields":{"formspec":"field[text;;${text}]","infotext":"\"Address 6\"","text":"Address 6"},"inventory":null},"(4,1,3)":{"fields":{"formspec":"field[text;;${text}]","infotext":"\"Address 12\"","text":"Address 12"},"inventory":null},"(4,1,5)":{"fields":{"formspec":"field[text;;${text}]","infotext":"\"Address 11\"","text":"Address 11"},"inventory":null},"(4,1,7)":{"fields":{"formspec":"field[text;;${text}]","infotext":"\"Address 10\"","text":"Address 10"},"inventory":null},"(4,1,9)":{"fields":{"formspec":"field[text;;${text}]","infotext":"\"Address 9\"","text":"Address 9"},"inventory":null}},"timers":null},"(4,2,4)":{"meta":{"(11,1,0)":{"fields":{"input1":"0","input2":"0"},"inventory":null},"(11,1,2)":{"fields":{"input1":"0","input2":"0"},"inventory":null},"(11,1,4)":{"fields":{"input1":"1","input2":"0"},"inventory":null},"(4,1,1)":{"fields":{"formspec":"field[text;;${text}]","infotext":"\"Address 5\"","text":"Address 5"},"inventory":null},"(4,1,11)":{"fields":{"formspec":"field[text;;${text}]","infotext":"\"Address 0\"","text":"Address 0"},"inventory":null},"(4,1,14)":{"fields":{"formspec":"field[text;;${text}]","infotext":"\"1 column\"","text":"1 column"},"inventory":null},"(4,1,3)":{"fields":{"formspec":"field[text;;${text}]","infotext":"\"Address 4\"","text":"Address 4"},"inventory":null},"(4,1,5)":{"fields":{"formspec":"field[text;;${text}]","infotext":"\"Address 3\"","text":"Address 3"},"inventory":null},"(4,1,7)":{"fields":{"formspec":"field[text;;${text}]","infotext":"\"Address 2\"","text":"Address 2"},"inventory":null},"(4,1,9)":{"fields":{"formspec":"field[text;;${text}]","infotext":"\"Address 1\"","text":"Address 1"},"inventory":null},"(8,1,10)":{"fields":{"input1":"0","input2":"1"},"inventory":null},"(8,1,12)":{"fields":{"input1":"1","input2":"1"},"inventory":null},"(8,1,6)":{"fields":{"input1":"0","input2":"1"},"inventory":null},"(8,1,8)":{"fields":{"input1":"0","input2":"1"},"inventory":null}},"timers":null}}