{"(1,0,3)":{"meta":{"(6,7,13)":{"fields":{"display_text":"Advanced trains","font":"metro","formspec":"size[6,2]field[0.5,0.7;5.5,1;display_text;\u001b(T@signs_api)Text\u001bE;Advanced trains]button[1,1.2;2,1;font;\u001b(T@signs_api)Font\u001bE]button_exit[3,1.2;2,1;ok;\u001b(T@signs_api)Write\u001bE]","infotext":"\"Advanced trains\""},"inventory":null},"(8,5,13)":{"fields":{"display_text":"Note:\nUnfinished section!","font":"metro","formspec":"size[6,3.2]textarea[0.5,0.7;5.5,2;display_text;\u001b(T@signs_api)Text\u001bE\u001b(T@signs_api) (first \u001bF2\u001bE lines only)\u001bE;Note:\nUnfinished section!]button[1,2.4;2,1;font;\u001b(T@signs_api)Font\u001bE]button_exit[3,2.4;2,1;ok;\u001b(T@signs_api)Write\u001bE]","infotext":"\"Note:\nUnfinished section!\""},"inventory":null}},"timers":null},"(1,0,4)":{"meta":{"(11,3,12)":{"fields":{"infotext":"Stn.  T. "},"inventory":null}},"timers":null}}