{"(0,2,2)":{"meta":{"(3,3,3)":{"fields":{"display_text":"About","infotext":"\"About\"\n(right-click to read more text)","text":"This section contains builds made\nwith the \"stock\" mesecons mod\n\nGit: https://github.com/minetest-mods/mesecons"},"inventory":null},"(3,5,0)":{"fields":{"display_text":"Mesecon builds","font":"metro","formspec":"size[6,2]field[0.5,0.7;5.5,1;display_text;Text;${display_text}]button[1,1.2;2,1;font;Font]button_exit[3,1.2;2,1;ok;Write]","infotext":"\"Mesecon builds\""},"inventory":null}},"timers":null},"(1,2,2)":{"meta":{"(3,2,6)":{"fields":{"display_text":"Mesecons Lab","infotext":"\"Mesecons Lab\"\n(right-click to read more text)","text":"The \"Mesecons Lab\" is\na place for tutorials and showcases\nbuilt with mesecons and digilines"},"inventory":null},"(7,2,1)":{"fields":{"display_text":"Mesecons\nbuilds","font":"metro","formspec":"size[6,3.2]textarea[0.5,0.7;5.5,2;display_text;Text (first 2 lines only);${display_text}]button[1,2.4;2,1;font;Font]button_exit[3,2.4;2,1;ok;Write]","infotext":"\"Mesecons\nbuilds\""},"inventory":null}},"timers":null},"(2,2,0)":{"meta":{"(1,2,6)":{"fields":{"display_text":"Digistuff","font":"metro","formspec":"size[6,3.2]textarea[0.5,0.7;5.5,2;display_text;Text (first 2 lines only);${display_text}]button[1,2.4;2,1;font;Font]button_exit[3,2.4;2,1;ok;Write]","infotext":"\"Digistuff\""},"inventory":null},"(1,3,6)":{"fields":{"display_text":"Digibuilder","font":"metro","formspec":"size[6,3.2]textarea[0.5,0.7;5.5,2;display_text;Text (first 2 lines only);${display_text}]button[1,2.4;2,1;font;Font]button_exit[3,2.4;2,1;ok;Write]","infotext":"\"Digibuilder\""},"inventory":null}},"timers":null},"(2,2,2)":{"meta":{"(1,2,9)":{"fields":{"display_text":"Exercises","font":"metro","formspec":"size[6,3.2]textarea[0.5,0.7;5.5,2;display_text;Text (first 2 lines only);${display_text}]button[1,2.4;2,1;font;Font]button_exit[3,2.4;2,1;ok;Write]","infotext":"\"Exercises\""},"inventory":null}},"timers":null},"(2,2,3)":{"meta":{"(0,5,13)":{"fields":{"display_text":"Exercises","font":"metro","formspec":"size[6,2]field[0.5,0.7;5.5,1;display_text;Text;${display_text}]button[1,1.2;2,1;font;Font]button_exit[3,1.2;2,1;ok;Write]","infotext":"\"Exercises\""},"inventory":null},"(3,3,13)":{"fields":{"display_text":"Note:\nUnfinished section!","font":"metro","formspec":"size[6,3.2]textarea[0.5,0.7;5.5,2;display_text;Text (first 2 lines only);${display_text}]button[1,2.4;2,1;font;Font]button_exit[3,2.4;2,1;ok;Write]","infotext":"\"Note:\nUnfinished section!\""},"inventory":null}},"timers":null}}