{"(1,2,0)":{"meta":{"(11,1,12)":{"fields":{"infotext":"FPGA (functional)","instr":" _AC/ ~A0/ ~B1/0&1D///////////","portstates":"0000","valid":"1"},"inventory":null},"(12,1,12)":{"fields":{"infotext":"FPGA (functional)","instr":" _AC/ ~A0/ ~B1/A&1D///////////","portstates":"0000","valid":"1"},"inventory":null},"(13,1,12)":{"fields":{"infotext":"FPGA (functional)","instr":" _AC/ ~A0/ ~B1/0&BD///////////","portstates":"0000","valid":"1"},"inventory":null},"(14,1,12)":{"fields":{"infotext":"FPGA (functional)","instr":" _AC/ ~A0/ ~B1/A&BD///////////","portstates":"0000","valid":"1"},"inventory":null},"(15,1,14)":{"fields":{"infotext":"FPGA (functional)","instr":" _AC/ ~A0/ ~B1/0&1D///////////","portstates":"0000","valid":"1"},"inventory":null},"(9,1,10)":{"fields":{"formspec":"field[text;;${text}]","infotext":"\"4 Bit 15 Segment Binary-Hexidecimal Display\"","text":"4 Bit 15 Segment Binary-Hexidecimal Display"},"inventory":null},"(9,1,12)":{"fields":{"formspec":"field[text;;${text}]","infotext":"\"1\"","text":"1"},"inventory":null},"(9,1,13)":{"fields":{"formspec":"field[text;;${text}]","infotext":"\"2\"","text":"2"},"inventory":null},"(9,1,14)":{"fields":{"formspec":"field[text;;${text}]","infotext":"\"4\"","text":"4"},"inventory":null},"(9,1,15)":{"fields":{"formspec":"field[text;;${text}]","infotext":"\"8\"","text":"8"},"inventory":null}},"timers":null},"(2,2,0)":{"meta":{"(0,1,14)":{"fields":{"infotext":"FPGA (functional)","instr":" _AC/ ~A0/ ~B1/A&1D///////////","portstates":"0000","valid":"1"},"inventory":null},"(1,1,14)":{"fields":{"infotext":"FPGA (functional)","instr":" _AC/ ~A0/ ~B1/0&BD///////////","portstates":"0000","valid":"1"},"inventory":null},"(2,1,14)":{"fields":{"infotext":"FPGA (functional)","instr":" _AC/ ~A0/ ~B1/A&BD///////////","portstates":"0000","valid":"1"},"inventory":null},"(3,1,2)":{"fields":{"infotext":"FPGA (functional)","instr":"A&DB//////////////","portstates":"0000","valid":"1"},"inventory":null},"(3,1,3)":{"fields":{"infotext":"FPGA (functional)","instr":"B&A0/0|DC/////////////","portstates":"0000","valid":"1"},"inventory":null},"(3,1,5)":{"fields":{"infotext":"FPGA (functional)","instr":"B&A0/A&D1/0|1C////////////","portstates":"0100","valid":"1"},"inventory":null},"(3,1,8)":{"fields":{"infotext":"FPGA (functional)","instr":"A&D0/B|0C/////////////","portstates":"0000","valid":"1"},"inventory":null},"(3,1,9)":{"fields":{"infotext":"FPGA (functional)","instr":"B&AD/B&AC/////////////","portstates":"1000","valid":"1"},"inventory":null},"(5,1,4)":{"fields":{"infotext":"FPGA (functional)","instr":"B|DC//////////////","portstates":"0000","valid":"1"},"inventory":null},"(6,1,3)":{"fields":{"formspec":"field[text;;${text}]","infotext":"\"bottom-center (not 4, 7, 15 or 10)\"","text":"bottom-center (not 4, 7, 15 or 10)"},"inventory":null},"(6,1,7)":{"fields":{"formspec":"field[text;;${text}]","infotext":"\"bottom-right (not 1 or 15)\"","text":"bottom-right (not 1 or 15)"},"inventory":null},"(6,3,11)":{"fields":{"formspec":"field[text;;${text}]","infotext":"\"Combinational Logic Demo\"","text":"Combinational Logic Demo"},"inventory":null}},"timers":null},"(2,2,1)":{"meta":{"(4,1,0)":{"fields":{"code":"-- Digiline Decoder\r-- Reads a 4 bit binary number and converts it to decimal notation\r-- by So.Po.Coder for Minetest Mesecons Lua Controller\n\nif (event.type == \"on\" or event.type == \"off\") then\r  din1 = {}\r  input1 = pin.d and 1 or 0\r  input2 = pin.a and 1 or 0\r  table.insert(din1, input1)\r  table.insert(din1, input2)\r  digiline_send(\"din1\", din1)\rend\rif (event.type == \"digiline\" and event.channel == \"din2\") then\r  dout = {}\r  input3 = pin.d and 1 or 0\r  input4 = pin.a and 1 or 0\r  table.insert(dout, event.msg[1])\r  table.insert(dout, event.msg[2])\r  table.insert(dout, input3)\r  table.insert(dout, input4)\r  ndout = tonumber(table.concat(dout), 2)\r  digiline_send(\"display\", ndout)\rend","formspec":"size[12,10]background[-0.2,-0.25;12.4,10.75;jeija_luac_background.png]label[0.1,8.3;]textarea[0.2,0.2;12.2,9.5;code;;-- Digiline Decoder\r-- Reads a 4 bit binary number and converts it to decimal notation\r-- by So.Po.Coder for Minetest Mesecons Lua Controller\n\nif (event.type == \"on\" or event.type == \"off\") then\r  din1 = {}\r  input1 = pin.d and 1 or 0\r  input2 = pin.a and 1 or 0\r  table.insert(din1\\, input1)\r  table.insert(din1\\, input2)\r  digiline_send(\"din1\"\\, din1)\rend\rif (event.type == \"digiline\" and event.channel == \"din2\") then\r  dout = {}\r  input3 = pin.d and 1 or 0\r  input4 = pin.a and 1 or 0\r  table.insert(dout\\, event.msg\\[1\\])\r  table.insert(dout\\, event.msg\\[2\\])\r  table.insert(dout\\, input3)\r  table.insert(dout\\, input4)\r  ndout = tonumber(table.concat(dout)\\, 2)\r  digiline_send(\"display\"\\, ndout)\rend]image_button[4.75,8.75;2.5,1;jeija_luac_runbutton.png;program;]image_button_exit[11.72,-0.25;0.425,0.4;jeija_close_window.png;exit;]","lc_memory":"return {}","luac_id":"54335","real_portstates":"1"},"inventory":null},"(6,1,0)":{"fields":{"code":"-- Digiline Decoder\r-- Reads a 4 bit binary number and converts it to decimal notation\r-- by So.Po.Coder for Minetest Mesecons Lua Controller\n\nif (event.type == \"on\" or event.type == \"off\") then\r  din2 = {}\r  input1 = pin.d and 1 or 0\r  input2 = pin.a and 1 or 0\r  table.insert(din2, input1)\r  table.insert(din2, input2)\r  digiline_send(\"din2\", din2)\rend\rif (event.type == \"digiline\" and event.channel == \"din1\") then\r  dout = {}\r  input1 = pin.d and 1 or 0\r  input2 = pin.a and 1 or 0\r  table.insert(dout, input1)\r  table.insert(dout, input2)\r  table.insert(dout, event.msg[1])\r  table.insert(dout, event.msg[2])\r  ndout = tonumber(table.concat(dout), 2)\r  digiline_send(\"display\", ndout)\rend","formspec":"size[12,10]background[-0.2,-0.25;12.4,10.75;jeija_luac_background.png]label[0.1,8.3;]textarea[0.2,0.2;12.2,9.5;code;;-- Digiline Decoder\r-- Reads a 4 bit binary number and converts it to decimal notation\r-- by So.Po.Coder for Minetest Mesecons Lua Controller\n\nif (event.type == \"on\" or event.type == \"off\") then\r  din2 = {}\r  input1 = pin.d and 1 or 0\r  input2 = pin.a and 1 or 0\r  table.insert(din2\\, input1)\r  table.insert(din2\\, input2)\r  digiline_send(\"din2\"\\, din2)\rend\rif (event.type == \"digiline\" and event.channel == \"din1\") then\r  dout = {}\r  input1 = pin.d and 1 or 0\r  input2 = pin.a and 1 or 0\r  table.insert(dout\\, input1)\r  table.insert(dout\\, input2)\r  table.insert(dout\\, event.msg\\[1\\])\r  table.insert(dout\\, event.msg\\[2\\])\r  ndout = tonumber(table.concat(dout)\\, 2)\r  digiline_send(\"display\"\\, ndout)\rend]image_button[4.75,8.75;2.5,1;jeija_luac_runbutton.png;program;]image_button_exit[11.72,-0.25;0.425,0.4;jeija_close_window.png;exit;]","lc_memory":"return {}","luac_id":"12068","real_portstates":"1"},"inventory":null},"(6,3,0)":{"fields":{"formspec":"field[text;;${text}]","infotext":"\"Digilines Demo\"","text":"Digilines Demo"},"inventory":null},"(8,4,0)":{"fields":{"code":"if (event.type == \"program\") then\r  mem.B = { [0]=true, [1]=false,[2]=true, [3]=true, [4]=false,\n      [5]=true, [6]=true, [7]=false,[8]=true, [9]=true, \n      [10]=true, [11]=true, [12]=true, [13]=true, [14]=true, [15]=true }\n\r  mem.A = { [0]=true, [1]=true, [2]=true, [3]=true, [4]=false,\n      [5]=true, [6]=true, [7]=false,[8]=true, [9]=true, \n      [10]=false,[11]=true, [12]=true, [13]=true, [14]=true, [15]=false }\n\r  mem.D = { [0]=true, [1]=false,[2]=true, [3]=true, [4]=true, \n      [5]=true, [6]=true, [7]=true, [8]=true, [9]=true, \n      [10]=true, [11]=true, [12]=true, [13]=true, [14]=true, [15]=false }\rend\r\rif (event.type == \"digiline\" and event.channel == \"display\") then\r  x = event.msg\r  port.b = mem.B[x]\r  port.a = mem.A[x]\r  port.d = mem.D[x]\rend","formspec":"size[12,10]background[-0.2,-0.25;12.4,10.75;jeija_luac_background.png]label[0.1,8.3;]textarea[0.2,0.2;12.2,9.5;code;;if (event.type == \"program\") then\r  mem.B = { \\[0\\]=true\\, \\[1\\]=false\\,\\[2\\]=true\\, \\[3\\]=true\\, \\[4\\]=false\\,\n      \\[5\\]=true\\, \\[6\\]=true\\, \\[7\\]=false\\,\\[8\\]=true\\, \\[9\\]=true\\, \n      \\[10\\]=true\\, \\[11\\]=true\\, \\[12\\]=true\\, \\[13\\]=true\\, \\[14\\]=true\\, \\[15\\]=true }\n\r  mem.A = { \\[0\\]=true\\, \\[1\\]=true\\, \\[2\\]=true\\, \\[3\\]=true\\, \\[4\\]=false\\,\n      \\[5\\]=true\\, \\[6\\]=true\\, \\[7\\]=false\\,\\[8\\]=true\\, \\[9\\]=true\\, \n      \\[10\\]=false\\,\\[11\\]=true\\, \\[12\\]=true\\, \\[13\\]=true\\, \\[14\\]=true\\, \\[15\\]=false }\n\r  mem.D = { \\[0\\]=true\\, \\[1\\]=false\\,\\[2\\]=true\\, \\[3\\]=true\\, \\[4\\]=true\\, \n      \\[5\\]=true\\, \\[6\\]=true\\, \\[7\\]=true\\, \\[8\\]=true\\, \\[9\\]=true\\, \n      \\[10\\]=true\\, \\[11\\]=true\\, \\[12\\]=true\\, \\[13\\]=true\\, \\[14\\]=true\\, \\[15\\]=false }\rend\r\rif (event.type == \"digiline\" and event.channel == \"display\") then\r  x = event.msg\r  port.b = mem.B\\[x\\]\r  port.a = mem.A\\[x\\]\r  port.d = mem.D\\[x\\]\rend]image_button[4.75,8.75;2.5,1;jeija_luac_runbutton.png;program;]image_button_exit[11.72,-0.25;0.425,0.4;jeija_close_window.png;exit;]","ignore_offevents":"return {[\"B\"] = true, [\"D\"] = true, [\"C\"] = true, [\"A\"] = true}","lc_memory":"return {[\"D\"] = {false, true, true, true, true, true, true, true, true, true, true, true, true, true, false, [0] = true}, [\"B\"] = {false, true, true, false, true, true, false, true, true, true, true, true, true, true, true, [0] = true}, [\"C\"] = {[0] = true, [2] = true, [3] = true, [4] = true, [5] = true, [6] = true, [7] = true, [8] = true, [9] = true}, [\"A\"] = {true, true, true, false, true, true, false, true, true, false, true, true, true, true, false, [0] = true}}","luac_id":"42979","real_portstates":"1"},"inventory":null},"(8,5,0)":{"fields":{"code":"if event.type == \"program\" then\r  mem.B = { [0]=true, [1]=false,[2]=true, [3]=false,[4]=false,\n      [5]=false,[6]=true, [7]=false,[8]=true, [9]=false,\n      [10]=true, [11]=true, [12]=true, [13]=true, [14]=true, [15]=true }\n\n  mem.A = { [0]=false, [1]=true, [2]=false,[3]=false,[4]=false,\n      [5]=false,[6]=false,[7]=false,[8]=false,[9]=false,\n      [10]=false,[11]=false,[12]=false,[13]=false,[14]=false,[15]=false }\n\r  mem.D = { [0]=true, [1]=false,[2]=false,[3]=true, [4]=true, \n      [5]=true, [6]=true, [7]=true, [8]=true, [9]=true, \n      [10]=true, [11]=true, [12]=false,[13]=true, [14]=false,[15]=false }\rend\rif (event.type == \"digiline\" and event.channel == \"display\") then\r  x = event.msg\r  port.b = mem.B[x]\r  port.a = mem.A[x]\r  port.d = mem.D[x]\rend","formspec":"size[12,10]background[-0.2,-0.25;12.4,10.75;jeija_luac_background.png]label[0.1,8.3;]textarea[0.2,0.2;12.2,9.5;code;;if event.type == \"program\" then\r  mem.B = { \\[0\\]=true\\, \\[1\\]=false\\,\\[2\\]=true\\, \\[3\\]=false\\,\\[4\\]=false\\,\n      \\[5\\]=false\\,\\[6\\]=true\\, \\[7\\]=false\\,\\[8\\]=true\\, \\[9\\]=false\\,\n      \\[10\\]=true\\, \\[11\\]=true\\, \\[12\\]=true\\, \\[13\\]=true\\, \\[14\\]=true\\, \\[15\\]=true }\n\n  mem.A = { \\[0\\]=false\\, \\[1\\]=true\\, \\[2\\]=false\\,\\[3\\]=false\\,\\[4\\]=false\\,\n      \\[5\\]=false\\,\\[6\\]=false\\,\\[7\\]=false\\,\\[8\\]=false\\,\\[9\\]=false\\,\n      \\[10\\]=false\\,\\[11\\]=false\\,\\[12\\]=false\\,\\[13\\]=false\\,\\[14\\]=false\\,\\[15\\]=false }\n\r  mem.D = { \\[0\\]=true\\, \\[1\\]=false\\,\\[2\\]=false\\,\\[3\\]=true\\, \\[4\\]=true\\, \n      \\[5\\]=true\\, \\[6\\]=true\\, \\[7\\]=true\\, \\[8\\]=true\\, \\[9\\]=true\\, \n      \\[10\\]=true\\, \\[11\\]=true\\, \\[12\\]=false\\,\\[13\\]=true\\, \\[14\\]=false\\,\\[15\\]=false }\rend\rif (event.type == \"digiline\" and event.channel == \"display\") then\r  x = event.msg\r  port.b = mem.B\\[x\\]\r  port.a = mem.A\\[x\\]\r  port.d = mem.D\\[x\\]\rend]image_button[4.75,8.75;2.5,1;jeija_luac_runbutton.png;program;]image_button_exit[11.72,-0.25;0.425,0.4;jeija_close_window.png;exit;]","ignore_offevents":"return {[\"B\"] = true, [\"A\"] = true, [\"D\"] = true}","lc_memory":"return {[\"D\"] = {false, false, true, true, true, true, true, true, true, true, true, false, true, false, false, [0] = true}, [\"B\"] = {false, true, false, false, false, true, false, true, false, true, true, true, true, true, true, [0] = true}, [\"A\"] = {true, false, false, false, false, false, false, false, false, false, false, false, false, false, false, [0] = false}, [\"C\"] = {false, false, true, true, true, true, true, true, true, true, true, false, true, false, false, [0] = true}}","luac_id":"55677","real_portstates":"1"},"inventory":null},"(8,6,0)":{"fields":{"code":"if event.type == \"program\" then\r  mem.B = { [0]=true, [1]=false,[2]=true, [3]=true, [4]=true, \n      [5]=true, [6]=true, [7]=false,[8]=true, [9]=true, \n      [10]=true, [11]=true, [12]=true, [13]=true, [14]=true, [15]=true }\n\r  mem.A = { [0]=false,[1]=true, [2]=true, [3]=true, [4]=true, \n      [5]=true, [6]=true, [7]=false,[8]=true, [9]=true, \n      [10]=true, [11]=true, [12]=false,[13]=true, [14]=true, [15]=true }\n\r  mem.D = { [0]=true, [1]=false,[2]=true, [3]=true, [4]=true, \n      [5]=true, [6]=true, [7]=true, [8]=true, [9]=true, \n      [10]=true, [11]=true, [12]=false,[13]=true, [14]=true, [15]=true }\rend\rif (event.type == \"digiline\" and event.channel == \"display\") then\r  x = event.msg\r  port.b = mem.B[x]\r  port.a = mem.A[x]\r  port.d = mem.D[x]\rend","formspec":"size[12,10]background[-0.2,-0.25;12.4,10.75;jeija_luac_background.png]label[0.1,8.3;]textarea[0.2,0.2;12.2,9.5;code;;if event.type == \"program\" then\r  mem.B = { \\[0\\]=true\\, \\[1\\]=false\\,\\[2\\]=true\\, \\[3\\]=true\\, \\[4\\]=true\\, \n      \\[5\\]=true\\, \\[6\\]=true\\, \\[7\\]=false\\,\\[8\\]=true\\, \\[9\\]=true\\, \n      \\[10\\]=true\\, \\[11\\]=true\\, \\[12\\]=true\\, \\[13\\]=true\\, \\[14\\]=true\\, \\[15\\]=true }\n\r  mem.A = { \\[0\\]=false\\,\\[1\\]=true\\, \\[2\\]=true\\, \\[3\\]=true\\, \\[4\\]=true\\, \n      \\[5\\]=true\\, \\[6\\]=true\\, \\[7\\]=false\\,\\[8\\]=true\\, \\[9\\]=true\\, \n      \\[10\\]=true\\, \\[11\\]=true\\, \\[12\\]=false\\,\\[13\\]=true\\, \\[14\\]=true\\, \\[15\\]=true }\n\r  mem.D = { \\[0\\]=true\\, \\[1\\]=false\\,\\[2\\]=true\\, \\[3\\]=true\\, \\[4\\]=true\\, \n      \\[5\\]=true\\, \\[6\\]=true\\, \\[7\\]=true\\, \\[8\\]=true\\, \\[9\\]=true\\, \n      \\[10\\]=true\\, \\[11\\]=true\\, \\[12\\]=false\\,\\[13\\]=true\\, \\[14\\]=true\\, \\[15\\]=true }\rend\rif (event.type == \"digiline\" and event.channel == \"display\") then\r  x = event.msg\r  port.b = mem.B\\[x\\]\r  port.a = mem.A\\[x\\]\r  port.d = mem.D\\[x\\]\rend]image_button[4.75,8.75;2.5,1;jeija_luac_runbutton.png;program;]image_button_exit[11.72,-0.25;0.425,0.4;jeija_close_window.png;exit;]","ignore_offevents":"return {[\"B\"] = true, [\"A\"] = true, [\"D\"] = true}","lc_memory":"return {[\"D\"] = {false, true, true, true, true, true, true, true, true, true, true, false, true, true, true, [0] = true}, [\"C\"] = {false, true, true, true, true, true, true, true, true, true, true, false, true, true, true, [0] = true}, [\"A\"] = {true, true, true, true, true, true, false, true, true, true, true, false, true, true, true, [0] = false}, [\"B\"] = {false, true, true, true, true, true, false, true, true, true, true, true, true, true, true, [0] = true}}","luac_id":"28022","real_portstates":"1"},"inventory":null},"(8,7,0)":{"fields":{"code":"if event.type == \"program\" then\r  mem.B = { [0]=true, [1]=false,[2]=false, [3]=false, [4]=true, \r      [5]=true, [6]=true, [7]=false, [8]=true, [9]=true, \n      [10]=true, [11]=true, [12]=true, [13]=false,[14]=true, [15]=true }\r\t\t\t\r  mem.A = { [0]=false, [1]=true, [2]=false, [3]=false, [4]=false,\n      [5]=false, [6]=false, [7]=false, [8]=false, [9]=false, \n      [10]=false, [11]=false, [12]=false,[13]=false, [14]=false, [15]=false }\r\t\t\t\r  mem.D = { [0]=true, [1]=false,[2]=true, [3]=true, [4]=true, \n      [5]=false, [6]=false, [7]=true, [8]=true, [9]=true, \n      [10]=true, [11]=false, [12]=false,[13]=true, [14]=false, [15]=false }\rend\rif (event.type == \"digiline\" and event.channel == \"display\") then\r  x = event.msg\r  port.b = mem.B[x]\r  port.a = mem.A[x]\r  port.d = mem.D[x]\rend","formspec":"size[12,10]background[-0.2,-0.25;12.4,10.75;jeija_luac_background.png]label[0.1,8.3;]textarea[0.2,0.2;12.2,9.5;code;;if event.type == \"program\" then\r  mem.B = { \\[0\\]=true\\, \\[1\\]=false\\,\\[2\\]=false\\, \\[3\\]=false\\, \\[4\\]=true\\, \r      \\[5\\]=true\\, \\[6\\]=true\\, \\[7\\]=false\\, \\[8\\]=true\\, \\[9\\]=true\\, \n      \\[10\\]=true\\, \\[11\\]=true\\, \\[12\\]=true\\, \\[13\\]=false\\,\\[14\\]=true\\, \\[15\\]=true }\r\t\t\t\r  mem.A = { \\[0\\]=false\\, \\[1\\]=true\\, \\[2\\]=false\\, \\[3\\]=false\\, \\[4\\]=false\\,\n      \\[5\\]=false\\, \\[6\\]=false\\, \\[7\\]=false\\, \\[8\\]=false\\, \\[9\\]=false\\, \n      \\[10\\]=false\\, \\[11\\]=false\\, \\[12\\]=false\\,\\[13\\]=false\\, \\[14\\]=false\\, \\[15\\]=false }\r\t\t\t\r  mem.D = { \\[0\\]=true\\, \\[1\\]=false\\,\\[2\\]=true\\, \\[3\\]=true\\, \\[4\\]=true\\, \n      \\[5\\]=false\\, \\[6\\]=false\\, \\[7\\]=true\\, \\[8\\]=true\\, \\[9\\]=true\\, \n      \\[10\\]=true\\, \\[11\\]=false\\, \\[12\\]=false\\,\\[13\\]=true\\, \\[14\\]=false\\, \\[15\\]=false }\rend\rif (event.type == \"digiline\" and event.channel == \"display\") then\r  x = event.msg\r  port.b = mem.B\\[x\\]\r  port.a = mem.A\\[x\\]\r  port.d = mem.D\\[x\\]\rend]image_button[4.75,8.75;2.5,1;jeija_luac_runbutton.png;program;]image_button_exit[11.72,-0.25;0.425,0.4;jeija_close_window.png;exit;]","ignore_offevents":"return {[\"B\"] = true, [\"A\"] = true, [\"D\"] = true}","lc_memory":"return {[\"D\"] = {false, true, true, true, false, false, true, true, true, true, false, false, true, false, false, [0] = true}, [\"C\"] = {[0] = true, [2] = true, [3] = true, [4] = true, [7] = true, [8] = true, [9] = true, [10] = true, [13] = true}, [\"A\"] = {true, false, false, false, false, false, false, false, false, false, false, false, false, false, false, [0] = false}, [\"B\"] = {false, false, false, true, true, true, false, true, true, true, true, true, false, true, true, [0] = true}}","luac_id":"12315","real_portstates":"1"},"inventory":null},"(8,8,0)":{"fields":{"code":"if event.type == \"program\" then\n  mem.B = { [0]=true, [1]=false,[2]=true, [3]=true, [4]=true, \r      [5]=true, [6]=true, [7]=true, [8]=true, [9]=true, \n      [10]=true, [11]=true, [12]=true, [13]=false,[14]=true, [15]=true }\r\t\t\t\r  mem.A = { [0]=true, [1]=true, [2]=true, [3]=true, [4]=false,\r      [5]=true, [6]=true, [7]=true, [8]=true, [9]=true, \n      [10]=true, [11]=false, [12]=true,[13]=false,[14]=true, [15]=true }\r\t\t\t\r  mem.D = { [0]=true, [1]=false,[2]=true, [3]=true, [4]=true, \n      [5]=true, [6]=true, [7]=true, [8]=true, [9]=true, \n      [10]=true, [11]=false, [12]=true,[13]=true, [14]=true, [15]=true }\n\rend\rif (event.type == \"digiline\" and event.channel == \"display\") then\r  x = event.msg\r  port.b = mem.B[x]\r  port.a = mem.A[x]\r  port.d = mem.D[x]\rend","formspec":"size[12,10]background[-0.2,-0.25;12.4,10.75;jeija_luac_background.png]label[0.1,8.3;]textarea[0.2,0.2;12.2,9.5;code;;if event.type == \"program\" then\n  mem.B = { \\[0\\]=true\\, \\[1\\]=false\\,\\[2\\]=true\\, \\[3\\]=true\\, \\[4\\]=true\\, \r      \\[5\\]=true\\, \\[6\\]=true\\, \\[7\\]=true\\, \\[8\\]=true\\, \\[9\\]=true\\, \n      \\[10\\]=true\\, \\[11\\]=true\\, \\[12\\]=true\\, \\[13\\]=false\\,\\[14\\]=true\\, \\[15\\]=true }\r\t\t\t\r  mem.A = { \\[0\\]=true\\, \\[1\\]=true\\, \\[2\\]=true\\, \\[3\\]=true\\, \\[4\\]=false\\,\r      \\[5\\]=true\\, \\[6\\]=true\\, \\[7\\]=true\\, \\[8\\]=true\\, \\[9\\]=true\\, \n      \\[10\\]=true\\, \\[11\\]=false\\, \\[12\\]=true\\,\\[13\\]=false\\,\\[14\\]=true\\, \\[15\\]=true }\r\t\t\t\r  mem.D = { \\[0\\]=true\\, \\[1\\]=false\\,\\[2\\]=true\\, \\[3\\]=true\\, \\[4\\]=true\\, \n      \\[5\\]=true\\, \\[6\\]=true\\, \\[7\\]=true\\, \\[8\\]=true\\, \\[9\\]=true\\, \n      \\[10\\]=true\\, \\[11\\]=false\\, \\[12\\]=true\\,\\[13\\]=true\\, \\[14\\]=true\\, \\[15\\]=true }\n\rend\rif (event.type == \"digiline\" and event.channel == \"display\") then\r  x = event.msg\r  port.b = mem.B\\[x\\]\r  port.a = mem.A\\[x\\]\r  port.d = mem.D\\[x\\]\rend]image_button[4.75,8.75;2.5,1;jeija_luac_runbutton.png;program;]image_button_exit[11.72,-0.25;0.425,0.4;jeija_close_window.png;exit;]","ignore_offevents":"return {[\"B\"] = true, [\"A\"] = true, [\"D\"] = true}","lc_memory":"return {[\"D\"] = {false, true, true, true, true, true, true, true, true, true, false, true, true, true, true, [0] = true}, [\"C\"] = {[0] = true, [2] = true, [3] = true, [4] = true, [5] = true, [6] = true, [7] = true, [8] = true, [9] = true}, [\"A\"] = {true, true, true, false, true, true, true, true, true, true, false, true, false, true, true, [0] = true}, [\"B\"] = {false, true, true, true, true, true, true, true, true, true, true, true, false, true, true, [0] = true}}","luac_id":"30540","real_portstates":"1"},"inventory":null}},"timers":null},"(4,2,0)":{"meta":{"(10,3,2)":{"fields":{"code":"-- Shift Register D Latch (toggle D state when enabled)\n-- by So.Po.Coder for Minetest Mesecons Luacontroller\n-- A:input, B:reset, C:clock, D:output\r\rif (event.type == \"program\") then\r  mem.and1, mem.and2 = false, false\rend\r\rif (event.type == \"on\" and event.pin.name == \"C\") then\n\n  -- get first two AND gates based on clock and data\r  if (pin.c and pin.a) then\n    mem.and1 = true\n  else\n    mem.and1 = false\n  end\n  if (pin.c and not pin.a) then\n    mem.and2 = true\n  else\n    mem.and2 = false\n  end\n\n  -- SR Latch\n  if (mem.and1) then\n    port.d = true\n  end\n  if (mem.and2) then\n    port.d = false\n  end\n\rend\nif (event.type == \"on\" or event.type == \"off\") then\n  -- reset latch to low\n  if (pin.b) then\n    port.d = false\n  end\nend","formspec":"size[12,10]background[-0.2,-0.25;12.4,10.75;jeija_luac_background.png]label[0.1,8.3;]textarea[0.2,0.2;12.2,9.5;code;;-- Shift Register D Latch (toggle D state when enabled)\n-- by So.Po.Coder for Minetest Mesecons Luacontroller\n-- A:input\\, B:reset\\, C:clock\\, D:output\r\rif (event.type == \"program\") then\r  mem.and1\\, mem.and2 = false\\, false\rend\r\rif (event.type == \"on\" and event.pin.name == \"C\") then\n\n  -- get first two AND gates based on clock and data\r  if (pin.c and pin.a) then\n    mem.and1 = true\n  else\n    mem.and1 = false\n  end\n  if (pin.c and not pin.a) then\n    mem.and2 = true\n  else\n    mem.and2 = false\n  end\n\n  -- SR Latch\n  if (mem.and1) then\n    port.d = true\n  end\n  if (mem.and2) then\n    port.d = false\n  end\n\rend\nif (event.type == \"on\" or event.type == \"off\") then\n  -- reset latch to low\n  if (pin.b) then\n    port.d = false\n  end\nend]image_button[4.75,8.75;2.5,1;jeija_luac_runbutton.png;program;]image_button_exit[11.72,-0.25;0.425,0.4;jeija_close_window.png;exit;]","ignore_offevents":"return {}","lc_memory":"return {[\"b\"] = false, [\"and2\"] = true, [\"d\"] = false, [\"a\"] = false, [\"c\"] = false, [\"and1\"] = false}","luac_id":"50468","real_portstates":"1"},"inventory":null},"(12,2,6)":{"fields":{"formspec":"field[text;;${text}]","infotext":"\"Output 7\"","text":"Output 7"},"inventory":null},"(13,3,2)":{"fields":{"code":"-- Shift Register D Latch (toggle D state when enabled)\n-- by So.Po.Coder for Minetest Mesecons Luacontroller\n-- A:input, B:reset, C:clock, D:output\r\rif (event.type == \"program\") then\r  mem.and1, mem.and2 = false, false\rend\r\rif (event.type == \"on\" and event.pin.name == \"C\") then\n\n  -- get first two AND gates based on clock and data\r  if (pin.c and pin.a) then\n    mem.and1 = true\n  else\n    mem.and1 = false\n  end\n  if (pin.c and not pin.a) then\n    mem.and2 = true\n  else\n    mem.and2 = false\n  end\n\n  -- SR Latch\n  if (mem.and1) then\n    port.d = true\n  end\n  if (mem.and2) then\n    port.d = false\n  end\n\rend\nif (event.type == \"on\" or event.type == \"off\") then\n  -- reset latch to low\n  if (pin.b) then\n    port.d = false\n  end\nend","formspec":"size[12,10]background[-0.2,-0.25;12.4,10.75;jeija_luac_background.png]label[0.1,8.3;]textarea[0.2,0.2;12.2,9.5;code;;-- Shift Register D Latch (toggle D state when enabled)\n-- by So.Po.Coder for Minetest Mesecons Luacontroller\n-- A:input\\, B:reset\\, C:clock\\, D:output\r\rif (event.type == \"program\") then\r  mem.and1\\, mem.and2 = false\\, false\rend\r\rif (event.type == \"on\" and event.pin.name == \"C\") then\n\n  -- get first two AND gates based on clock and data\r  if (pin.c and pin.a) then\n    mem.and1 = true\n  else\n    mem.and1 = false\n  end\n  if (pin.c and not pin.a) then\n    mem.and2 = true\n  else\n    mem.and2 = false\n  end\n\n  -- SR Latch\n  if (mem.and1) then\n    port.d = true\n  end\n  if (mem.and2) then\n    port.d = false\n  end\n\rend\nif (event.type == \"on\" or event.type == \"off\") then\n  -- reset latch to low\n  if (pin.b) then\n    port.d = false\n  end\nend]image_button[4.75,8.75;2.5,1;jeija_luac_runbutton.png;program;]image_button_exit[11.72,-0.25;0.425,0.4;jeija_close_window.png;exit;]","ignore_offevents":"return {}","lc_memory":"return {[\"b\"] = false, [\"and2\"] = false, [\"and1\"] = true, [\"c\"] = false, [\"a\"] = false, [\"d\"] = false}","luac_id":"34351","real_portstates":"1"},"inventory":null},"(15,2,6)":{"fields":{"formspec":"field[text;;${text}]","infotext":"\"Output 6\"","text":"Output 6"},"inventory":null},"(4,2,1)":{"fields":{"formspec":"field[text;;${text}]","infotext":"\"Serial Input\"","text":"Serial Input"},"inventory":null},"(4,3,1)":{"fields":{"formspec":"field[text;;${text}]","infotext":"\"8 Bit Shift Register\"","text":"8 Bit Shift Register"},"inventory":null},"(7,3,2)":{"fields":{"code":"-- Shift Register D Latch (toggle D state when enabled)\n-- by So.Po.Coder for Minetest Mesecons Luacontroller\n-- A:input, B:reset, C:clock, D:output\r\rif (event.type == \"program\") then\r  mem.and1, mem.and2 = false, false\rend\r\rif (event.type == \"on\" and event.pin.name == \"C\") then\n\n  -- get first two AND gates based on clock and data\r  if (pin.c and pin.a) then\n    mem.and1 = true\n  else\n    mem.and1 = false\n  end\n  if (pin.c and not pin.a) then\n    mem.and2 = true\n  else\n    mem.and2 = false\n  end\n\n  -- SR Latch\n  if (mem.and1) then\n    port.d = true\n  end\n  if (mem.and2) then\n    port.d = false\n  end\n\rend\nif (event.type == \"on\" or event.type == \"off\") then\n  -- reset latch to low\n  if (pin.b) then\n    port.d = false\n  end\nend","formspec":"size[12,10]background[-0.2,-0.25;12.4,10.75;jeija_luac_background.png]label[0.1,8.3;]textarea[0.2,0.2;12.2,9.5;code;;-- Shift Register D Latch (toggle D state when enabled)\n-- by So.Po.Coder for Minetest Mesecons Luacontroller\n-- A:input\\, B:reset\\, C:clock\\, D:output\r\rif (event.type == \"program\") then\r  mem.and1\\, mem.and2 = false\\, false\rend\r\rif (event.type == \"on\" and event.pin.name == \"C\") then\n\n  -- get first two AND gates based on clock and data\r  if (pin.c and pin.a) then\n    mem.and1 = true\n  else\n    mem.and1 = false\n  end\n  if (pin.c and not pin.a) then\n    mem.and2 = true\n  else\n    mem.and2 = false\n  end\n\n  -- SR Latch\n  if (mem.and1) then\n    port.d = true\n  end\n  if (mem.and2) then\n    port.d = false\n  end\n\rend\nif (event.type == \"on\" or event.type == \"off\") then\n  -- reset latch to low\n  if (pin.b) then\n    port.d = false\n  end\nend]image_button[4.75,8.75;2.5,1;jeija_luac_runbutton.png;program;]image_button_exit[11.72,-0.25;0.425,0.4;jeija_close_window.png;exit;]","ignore_offevents":"return {}","lc_memory":"return {[\"b\"] = false, [\"and2\"] = true, [\"d\"] = false, [\"and1\"] = false, [\"a\"] = false, [\"c\"] = false}","luac_id":"2726","real_portstates":"1"},"inventory":null},"(9,2,6)":{"fields":{"formspec":"field[text;;${text}]","infotext":"\"Output 8\"","text":"Output 8"},"inventory":null}},"timers":null}}