{"(0,2,4)":{"meta":{"(14,2,0)":{"fields":{"display_text":"Stealth door 2","formspec":"size[6,2]field[0.5,0.7;5.5,1;display_text;\u001b(T@signs_api)Text\u001bE;Stealth door 2]button[1,1.2;2,1;font;\u001b(T@signs_api)Font\u001bE]button_exit[3,1.2;2,1;ok;\u001b(T@signs_api)Write\u001bE]","infotext":"\"Stealth door 2\"\n(right-click to read more text)","text":"- by pampogokiraly\n\nCompact seamless 2x2 door\n"},"inventory":null},"(15,2,15)":{"fields":{"owner":"singleplayer"},"inventory":null},"(15,3,15)":{"fields":{"owner":"singleplayer"},"inventory":null},"(2,3,14)":{"fields":{"infotext":"FPGA (functional)","instr":" _BA/ _BD/////////////","portstates":"0000","valid":"1"},"inventory":null},"(2,3,15)":{"fields":{"owner":"mesecon"},"inventory":null},"(3,1,13)":{"fields":{"owner":"mesecon"},"inventory":null},"(3,3,15)":{"fields":{"owner":"mesecon"},"inventory":null},"(4,1,13)":{"fields":{"owner":"mesecon"},"inventory":null},"(4,1,4)":{"fields":{"infotext":"\u001b(T@doors)Steel Door\u001bE\n\u001b(T@doors)Owned by \u001bFsingleplayer\u001bE\u001bE","owner":"singleplayer","state":"0"},"inventory":null}},"timers":null},"(1,2,3)":{"meta":{"(0,2,15)":{"fields":{"owner":"mesecon"},"inventory":null},"(0,3,15)":{"fields":{"owner":"mesecon"},"inventory":null},"(1,2,14)":{"fields":{"infotext":"FPGA (functional)","instr":" _DA/ _DB/////////////","portstates":"0000","valid":"1"},"inventory":null},"(1,2,15)":{"fields":{"owner":"mesecon"},"inventory":null},"(1,3,14)":{"fields":{"infotext":"FPGA (functional)","instr":" _DA/ _DB/////////////","portstates":"0000","valid":"1"},"inventory":null},"(1,3,15)":{"fields":{"owner":"mesecon"},"inventory":null}},"timers":null},"(1,2,4)":{"meta":{"(0,2,15)":{"fields":{"owner":"singleplayer"},"inventory":null},"(0,2,4)":{"fields":{"owner":"mesecon"},"inventory":null},"(0,3,15)":{"fields":{"owner":"singleplayer"},"inventory":null},"(0,3,4)":{"fields":{"owner":"mesecon"},"inventory":null},"(1,2,0)":{"fields":{"owner":"mesecon"},"inventory":null},"(1,2,15)":{"fields":{"owner":"singleplayer"},"inventory":null},"(1,2,3)":{"fields":{"owner":"mesecon"},"inventory":null},"(1,2,4)":{"fields":{"owner":"mesecon"},"inventory":null},"(1,2,5)":{"fields":{"infotext":"FPGA (functional)","instr":" _BA/ _BD/////////////","portstates":"0000","valid":"1"},"inventory":null},"(1,3,0)":{"fields":{"owner":"mesecon"},"inventory":null},"(1,3,15)":{"fields":{"owner":"singleplayer"},"inventory":null},"(1,3,3)":{"fields":{"owner":"mesecon"},"inventory":null},"(1,3,4)":{"fields":{"owner":"mesecon"},"inventory":null},"(1,3,5)":{"fields":{"infotext":"FPGA (functional)","instr":" _BA/ _BD/////////////","portstates":"0000","valid":"1"},"inventory":null}},"timers":null},"(2,1,2)":{"meta":{"(14,7,8)":{"fields":{"display_text":"Printer","font":"metro","formspec":"size[6,3.2]textarea[0.5,0.7;5.5,2;display_text;\u001b(T@signs_api)Text\u001bE\u001b(T@signs_api) (first \u001bF2\u001bE lines only)\u001bE;Printer]button[1,2.4;2,1;font;\u001b(T@signs_api)Font\u001bE]button_exit[3,2.4;2,1;ok;\u001b(T@signs_api)Write\u001bE]","infotext":"\"Printer\""},"inventory":null}},"timers":null},"(3,1,1)":{"meta":{"(12,7,14)":{"fields":{"code":"-- reacts to the digiline-reader event\n-- and checks the password in the \"data\" field\n\nif event.type == \"digiline\" and\n   event.channel == \"reader\" and\n   event.msg.event == \"read\" then\n   -- digiline-reader event\n\n -- check with hard-coded password\n local passwd_ok = event.msg.data == \"secretpassword2\"\n if not passwd_ok then\n  -- abort if password did not match\n  return\n end\n\n -- open door\n port.d = true\n\n -- set timer to close door\n interrupt(2)\nend\n\nif event.type == \"interrupt\" then\n -- close door\n port.d = false\nend","formspec":"size[12,10]style_type[label,textarea;font=mono]background[-0.2,-0.25;12.4,10.75;jeija_luac_background.png]label[0.1,8.3;]textarea[0.2,0.2;12.2,9.5;code;;-- reacts to the digiline-reader event\n-- and checks the password in the \"data\" field\n\nif event.type == \"digiline\" and\n   event.channel == \"reader\" and\n   event.msg.event == \"read\" then\n   -- digiline-reader event\n\n -- check with hard-coded password\n local passwd_ok = event.msg.data == \"secretpassword2\"\n if not passwd_ok then\n  -- abort if password did not match\n  return\n end\n\n -- open door\n port.d = true\n\n -- set timer to close door\n interrupt(2)\nend\n\nif event.type == \"interrupt\" then\n -- close door\n port.d = false\nend]image_button[4.75,8.75;2.5,1;jeija_luac_runbutton.png;program;]image_button_exit[11.72,-0.25;0.425,0.4;jeija_close_window.png;exit;]","ignore_offevents":"return {}","lc_memory":"return {}","luac_id":"27247","real_portstates":"1"},"inventory":null},"(14,6,15)":{"fields":{"infotext":"\u001b(T@doors)Steel Door\u001bE\n\u001b(T@doors)Owned by \u001bFsingleplayer\u001bE\u001bE","owner":"singleplayer","state":"0"},"inventory":null},"(15,7,13)":{"fields":{"display_text":"Card reader","formspec":"size[6,2]field[0.5,0.7;5.5,1;display_text;\u001b(T@signs_api)Text\u001bE;Card reader]button[1,1.2;2,1;font;\u001b(T@signs_api)Font\u001bE]button_exit[3,1.2;2,1;ok;\u001b(T@signs_api)Write\u001bE]","infotext":"\"Card reader\"\n(right-click to read more text)","text":"Swipe the programmed card\nfrom the exhibit to the right onto\nthe reader and the door should open."},"inventory":null},"(15,7,14)":{"fields":{"channel":"reader","formspec":"field[channel;Channel;${channel}","infotext":"Ready to Read","writepending":"0"},"inventory":null},"(2,7,13)":{"fields":{"channel":"printer","formspec":"size[8,6]label[1,0;Paper Tray]list[context;paper;1,0.5;1,1]list[current_player;main;0,2;8,4]listring[]field[3,0.75;2,1;channel;Channel;${channel}]button_exit[5,0.5;2,1;set;Set]"},"inventory":{"paper":["default:paper 99"]}},"(3,7,15)":{"fields":{"code":"if event.type == \"on\" and pin.b then\n digiline_send(\"printer\", {\n  command = \"print\",\n  title = \"Hello\",\n  contents = \"Hello world\"\n })\nend","formspec":"size[12,10]style_type[label,textarea;font=mono]background[-0.2,-0.25;12.4,10.75;jeija_luac_background.png]label[0.1,8.3;]textarea[0.2,0.2;12.2,9.5;code;;if event.type == \"on\" and pin.b then\n digiline_send(\"printer\"\\, {\n  command = \"print\"\\,\n  title = \"Hello\"\\,\n  contents = \"Hello world\"\n })\nend]image_button[4.75,8.75;2.5,1;jeija_luac_runbutton.png;program;]image_button_exit[11.72,-0.25;0.425,0.4;jeija_close_window.png;exit;]","lc_memory":"return {}","luac_id":"48081","real_portstates":"1"},"inventory":null}},"timers":null},"(3,1,2)":{"meta":{"(1,6,0)":{"fields":{"display_text":"Printer example","formspec":"size[6,2]field[0.5,0.7;5.5,1;display_text;\u001b(T@signs_api)Text\u001bE;Printer example]button[1,1.2;2,1;font;\u001b(T@signs_api)Font\u001bE]button_exit[3,1.2;2,1;ok;\u001b(T@signs_api)Write\u001bE]","infotext":"\"Printer example\"\n(right-click to read more text)","text":"Simple digiline printer example\n\nGit repo for the \"printer\" mod:\n- https://cheapiesystems.com/git/printer\n\nIn this demo the button sends\na \"print\" command to the printer\nwith some example text (see LuaC)"},"inventory":null},"(1,6,2)":{"fields":{"infotext":"\u001b(T@default)Chest\u001bE"},"inventory":{"main":["digistuff:card","digistuff:card","digistuff:card","digistuff:card","","","","","","","","","","","","","","","","","","","","","","","","","","","",""]}},"(12,7,2)":{"fields":{"code":"-- send write command to digiline-cardreader\n-- if the button is pressed\n\nif event.type == \"on\" and pin.b then\n\n -- send write-command\n digiline_send(\"writer\", {\n  command = \"write\",\n  description = \"Door access\",\n  data = \"secretpassword2\"\n })\nend","formspec":"size[12,10]style_type[label,textarea;font=mono]background[-0.2,-0.25;12.4,10.75;jeija_luac_background.png]label[0.1,8.3;]textarea[0.2,0.2;12.2,9.5;code;;-- send write command to digiline-cardreader\n-- if the button is pressed\n\nif event.type == \"on\" and pin.b then\n\n -- send write-command\n digiline_send(\"writer\"\\, {\n  command = \"write\"\\,\n  description = \"Door access\"\\,\n  data = \"secretpassword2\"\n })\nend]image_button[4.75,8.75;2.5,1;jeija_luac_runbutton.png;program;]image_button_exit[11.72,-0.25;0.425,0.4;jeija_close_window.png;exit;]","lc_memory":"return {}","luac_id":"22774","real_portstates":"1"},"inventory":null},"(15,6,3)":{"fields":{"infotext":"\u001b(T@default)Chest\u001bE"},"inventory":{"main":["digistuff:card","digistuff:card","digistuff:card","digistuff:card","digistuff:card","digistuff:card","digistuff:card","digistuff:card","","","","","","","","","","","","","","","","","","","","","","","",""]}},"(15,7,2)":{"fields":{"channel":"writer","formspec":"field[channel;Channel;${channel}","infotext":"Ready to Write","writedata":"secretpassword2","writedescription":"Door access","writepending":"1"},"inventory":null},"(15,8,3)":{"fields":{"display_text":"Writer (door)","formspec":"size[6,2]field[0.5,0.7;5.5,1;display_text;\u001b(T@signs_api)Text\u001bE;Writer (door)]button[1,1.2;2,1;font;\u001b(T@signs_api)Font\u001bE]button_exit[3,1.2;2,1;ok;\u001b(T@signs_api)Write\u001bE]","infotext":"\"Writer (door)\"\n(right-click to read more text)","text":"Card writer for the door access\nPress the button and swipe a\nblank card onto the card writer\n\nNext up: Use the door to the left"},"inventory":null}},"timers":null},"(3,1,3)":{"meta":{"(13,6,2)":{"fields":{"aon":"0","bon":"0","channel":"ex1","con":"0","don":"0","formspec":"field[channel;Channel;${channel}","outstate":"0"},"inventory":null},"(13,6,6)":{"fields":{"code":"if event.type == \"on\" then\n digiline_send(\"ex1\", { a = true })\nend\n\nif event.type == \"off\" then\n digiline_send(\"ex1\", { a = false })\nend","formspec":"size[12,10]style_type[label,textarea;font=mono]background[-0.2,-0.25;12.4,10.75;jeija_luac_background.png]label[0.1,8.3;]textarea[0.2,0.2;12.2,9.5;code;;if event.type == \"on\" then\n digiline_send(\"ex1\"\\, { a = true })\nend\n\nif event.type == \"off\" then\n digiline_send(\"ex1\"\\, { a = false })\nend]image_button[4.75,8.75;2.5,1;jeija_luac_runbutton.png;program;]image_button_exit[11.72,-0.25;0.425,0.4;jeija_close_window.png;exit;]","lc_memory":"return {}","luac_id":"30593","real_portstates":"1"},"inventory":null}},"timers":null},"(4,1,1)":{"meta":{"(5,7,13)":{"fields":{"channel":"reader","formspec":"field[channel;Channel;${channel}","infotext":"Ready to Read","writepending":"0"},"inventory":null},"(5,7,14)":{"fields":{"display_text":"Card reader","formspec":"size[6,2]field[0.5,0.7;5.5,1;display_text;\u001b(T@signs_api)Text\u001bE;Card reader]button[1,1.2;2,1;font;\u001b(T@signs_api)Font\u001bE]button_exit[3,1.2;2,1;ok;\u001b(T@signs_api)Write\u001bE]","infotext":"\"Card reader\"\n(right-click to read more text)","text":"Swipe the previously written card\non the reader and see if the card is\naccepted (red/green lights)"},"inventory":null},"(7,8,14)":{"fields":{"aon":"0","bon":"0","channel":"lights","con":"0","don":"0","formspec":"field[channel;Channel;${channel}","outstate":"8"},"inventory":null},"(8,7,13)":{"fields":{"code":"-- reacts to the digiline-reader event\n-- and checks the password in the \"data\" field\n\nif event.type == \"digiline\" and\n   event.channel == \"reader\" and\n   event.msg.event == \"read\" then\n   -- digiline-reader event\n\n -- check with hard-coded password\n local passwd_ok = event.msg.data == \"secretpassword\"\n\n -- send light state to io-expander\n digiline_send(\"lights\", {\n  a = passwd_ok,\n  d = not passwd_ok\n })\nend","formspec":"size[12,10]style_type[label,textarea;font=mono]background[-0.2,-0.25;12.4,10.75;jeija_luac_background.png]label[0.1,8.3;]textarea[0.2,0.2;12.2,9.5;code;;-- reacts to the digiline-reader event\n-- and checks the password in the \"data\" field\n\nif event.type == \"digiline\" and\n   event.channel == \"reader\" and\n   event.msg.event == \"read\" then\n   -- digiline-reader event\n\n -- check with hard-coded password\n local passwd_ok = event.msg.data == \"secretpassword\"\n\n -- send light state to io-expander\n digiline_send(\"lights\"\\, {\n  a = passwd_ok\\,\n  d = not passwd_ok\n })\nend]image_button[4.75,8.75;2.5,1;jeija_luac_runbutton.png;program;]image_button_exit[11.72,-0.25;0.425,0.4;jeija_close_window.png;exit;]","lc_memory":"return {}","luac_id":"7655","real_portstates":"1"},"inventory":null}},"timers":null},"(4,1,2)":{"meta":{"(2,7,12)":{"fields":{"display_text":"IO Expander","font":"metro","formspec":"size[6,3.2]textarea[0.5,0.7;5.5,2;display_text;\u001b(T@signs_api)Text\u001bE\u001b(T@signs_api) (first \u001bF2\u001bE lines only)\u001bE;IO Expander]button[1,2.4;2,1;font;\u001b(T@signs_api)Font\u001bE]button_exit[3,2.4;2,1;ok;\u001b(T@signs_api)Write\u001bE]","infotext":"\"IO Expander\""},"inventory":null},"(2,7,8)":{"fields":{"display_text":"Card reader","font":"metro","formspec":"size[6,3.2]textarea[0.5,0.7;5.5,2;display_text;\u001b(T@signs_api)Text\u001bE\u001b(T@signs_api) (first \u001bF2\u001bE lines only)\u001bE;Card reader]button[1,2.4;2,1;font;\u001b(T@signs_api)Font\u001bE]button_exit[3,2.4;2,1;ok;\u001b(T@signs_api)Write\u001bE]","infotext":"\"Card reader\""},"inventory":null},"(5,6,2)":{"fields":{"infotext":"\u001b(T@default)Chest\u001bE"},"inventory":{"main":["digistuff:card","digistuff:card","digistuff:card","digistuff:card","digistuff:card","digistuff:card","digistuff:card","digistuff:card","","","","","","","","","","","","","","","","","","","","","","","",""]}},"(5,7,1)":{"fields":{"channel":"writer","formspec":"field[channel;Channel;${channel}","infotext":"Ready to Read","writedata":"secretpassword","writedescription":"Top level access","writepending":"0"},"inventory":null},"(5,8,2)":{"fields":{"display_text":"Card writer","formspec":"size[6,2]field[0.5,0.7;5.5,1;display_text;\u001b(T@signs_api)Text\u001bE;Card writer]button[1,1.2;2,1;font;\u001b(T@signs_api)Font\u001bE]button_exit[3,1.2;2,1;ok;\u001b(T@signs_api)Write\u001bE]","infotext":"\"Card writer\"\n(right-click to read more text)","text":"Press the button and\nswipe a card from the chest\non the reader.\n\nThe card is then written with the password."},"inventory":null},"(8,7,1)":{"fields":{"code":"-- send write command to digiline-cardreader\n-- if the button is pressed\n\nif event.type == \"on\" and pin.b then\n\n -- send write-command\n digiline_send(\"writer\", {\n  command = \"write\",\n  description = \"Top level access\",\n  data = \"secretpassword\"\n })\nend","formspec":"size[12,10]style_type[label,textarea;font=mono]background[-0.2,-0.25;12.4,10.75;jeija_luac_background.png]label[0.1,8.3;]textarea[0.2,0.2;12.2,9.5;code;;-- send write command to digiline-cardreader\n-- if the button is pressed\n\nif event.type == \"on\" and pin.b then\n\n -- send write-command\n digiline_send(\"writer\"\\, {\n  command = \"write\"\\,\n  description = \"Top level access\"\\,\n  data = \"secretpassword\"\n })\nend]image_button[4.75,8.75;2.5,1;jeija_luac_runbutton.png;program;]image_button_exit[11.72,-0.25;0.425,0.4;jeija_close_window.png;exit;]","lc_memory":"return {}","luac_id":"16336","real_portstates":"1"},"inventory":null}},"timers":null},"(4,1,3)":{"meta":{"(1,7,5)":{"fields":{"display_text":"Lua-Controlled","formspec":"size[6,2]field[0.5,0.7;5.5,1;display_text;\u001b(T@signs_api)Text\u001bE;Lua-Controlled]button[1,1.2;2,1;font;\u001b(T@signs_api)Font\u001bE]button_exit[3,1.2;2,1;ok;\u001b(T@signs_api)Write\u001bE]","infotext":"\"Lua-Controlled\"\n(right-click to read more text)","text":"The IO-Expander is controlled\nby a simple lua-snippet that just\nsend on and off-commands to the A-Port"},"inventory":null},"(3,7,5)":{"fields":{"display_text":"Direct connection","formspec":"size[6,2]field[0.5,0.7;5.5,1;display_text;\u001b(T@signs_api)Text\u001bE;Direct connection]button[1,1.2;2,1;font;\u001b(T@signs_api)Font\u001bE]button_exit[3,1.2;2,1;ok;\u001b(T@signs_api)Write\u001bE]","infotext":"\"Direct connection\"\n(right-click to read more text)","text":"The two io-expanders here are\ndirectly connected and exchange the port-state\nwith digiline-commands between themselfes."},"inventory":null},"(7,6,2)":{"fields":{"aon":"0","bon":"0","channel":"ex1","con":"0","don":"0","formspec":"field[channel;Channel;${channel}","outstate":"0"},"inventory":null},"(7,6,7)":{"fields":{"aon":"0","bon":"0","channel":"ex1","con":"0","don":"0","formspec":"field[channel;Channel;${channel}","outstate":"0"},"inventory":null}},"timers":null}}