{"(0,2,1)":{"meta":{"(10,1,4)":{"fields":{"display_text":"Basic logic","formspec":"size[6,2]field[0.5,0.7;5.5,1;display_text;\u001b(T@signs_api)Text\u001bE;Basic logic]button[1,1.2;2,1;font;\u001b(T@signs_api)Font\u001bE]button_exit[3,1.2;2,1;ok;\u001b(T@signs_api)Write\u001bE]","infotext":"\"Basic logic\"\n(right-click to read more text)","text":"Complete the circuit with\nthe provided materials\n\nThe goal is to light up the green lightstone"},"inventory":null},"(11,1,3)":{"fields":{"infotext":"\u001b(T@default)Chest\u001bE"},"inventory":{"main":["mesecons_gates:diode_off","mesecons_gates:and_off","mesecons_gates:not_off","mesecons_gates:nor_off","mesecons_gates:xor_off","mesecons_gates:or_off","","","","","","","","","","","","","","","","","","","","","","","","","",""]}}},"timers":null},"(1,2,1)":{"meta":{"(12,2,7)":{"fields":{"display_text":"Basics","font":"metro","formspec":"size[6,3.2]textarea[0.5,0.7;5.5,2;display_text;\u001b(T@signs_api)Text\u001bE\u001b(T@signs_api) (first \u001bF2\u001bE lines only)\u001bE;Basics]button[1,2.4;2,1;font;\u001b(T@signs_api)Font\u001bE]button_exit[3,2.4;2,1;ok;\u001b(T@signs_api)Write\u001bE]","infotext":"\"Basics\""},"inventory":null},"(2,1,4)":{"fields":{"display_text":"Intro","formspec":"size[6,2]field[0.5,0.7;5.5,1;display_text;\u001b(T@signs_api)Text\u001bE;Intro]button[1,1.2;2,1;font;\u001b(T@signs_api)Font\u001bE]button_exit[3,1.2;2,1;ok;\u001b(T@signs_api)Write\u001bE]","infotext":"\"Intro\"\n(right-click to read more text)","text":"Complete the circuit with\nthe provided materials\n\nThe goal is to light up the green lightstone"},"inventory":null},"(3,1,3)":{"fields":{"infotext":"\u001b(T@default)Chest\u001bE"},"inventory":{"main":["mesecons:wire_00000000_off","","","","","","","","","","","","","","","","","","","","","","","","","","","","","","",""]}}},"timers":null}}