{"(0,2,1)":{"meta":{"(10,1,4)":{"fields":{"display_text":"Basic logic","infotext":"\"Basic logic\"\n(right-click to read more text)","text":"Complete the circuit with\nthe provided materials\n\nThe goal is to light up the green lightstone"},"inventory":null},"(11,1,3)":{"fields":{"infotext":"\u001b(T@default)Chest\u001bE"},"inventory":{"main":["mesecons_gates:diode_off","mesecons_gates:and_off","mesecons_gates:not_off","mesecons_gates:nor_off","mesecons_gates:xor_off","mesecons_gates:or_off","","","","","","","","","","","","","","","","","","","","","","","","","",""]}}},"timers":null},"(1,2,1)":{"meta":{"(12,2,7)":{"fields":{"display_text":"Basics","font":"metro","formspec":"size[6,3.2]textarea[0.5,0.7;5.5,2;display_text;Text (first 2 lines only);${display_text}]button[1,2.4;2,1;font;Font]button_exit[3,2.4;2,1;ok;Write]","infotext":"\"Basics\""},"inventory":null},"(2,1,4)":{"fields":{"display_text":"Intro","infotext":"\"Intro\"\n(right-click to read more text)","text":"Complete the circuit with\nthe provided materials\n\nThe goal is to light up the green lightstone"},"inventory":null},"(3,1,3)":{"fields":{"infotext":"\u001b(T@default)Chest\u001bE"},"inventory":{"main":["mesecons:wire_00000000_off","","","","","","","","","","","","","","","","","","","","","","","","","","","","","","",""]}}},"timers":null}}