{"(1,1,4)":{"meta":{"(14,7,13)":{"fields":{"display_text":"Simple one-node\nbuilder","font":"metro","formspec":"size[6,3.2]textarea[0.5,0.7;5.5,2;display_text;Text (first 2 lines only);${display_text}]button[1,2.4;2,1;font;Font]button_exit[3,2.4;2,1;ok;Write]","infotext":"\"Simple one-node\nbuilder\""},"inventory":null},"(5,7,13)":{"fields":{"code":"\n-- listen for the on event and check the button input pin\nif event.type == \"on\" and pin.d then\n\n -- send a setnode command to the digibuilder\n digiline_send(\"digibuilder\", {\n  -- the command\n  command = \"setnode\",\n  -- the position, relative to the digibuilder node\n  pos = { x=-4, y=0, z=-2 },\n  -- the nodename\n  name = \"default:diamondblock\",\n  -- optional param2\n  param2 = 0\n })\nend","formspec":"size[12,10]style_type[label,textarea;font=mono]background[-0.2,-0.25;12.4,10.75;jeija_luac_background.png]label[0.1,8.3;]textarea[0.2,0.2;12.2,9.5;code;;\n-- listen for the on event and check the button input pin\nif event.type == \"on\" and pin.d then\n\n -- send a setnode command to the digibuilder\n digiline_send(\"digibuilder\"\\, {\n  -- the command\n  command = \"setnode\"\\,\n  -- the position\\, relative to the digibuilder node\n  pos = { x=-4\\, y=0\\, z=-2 }\\,\n  -- the nodename\n  name = \"default:diamondblock\"\\,\n  -- optional param2\n  param2 = 0\n })\nend]image_button[4.75,8.75;2.5,1;jeija_luac_runbutton.png;program;]image_button_exit[11.72,-0.25;0.425,0.4;jeija_close_window.png;exit;]","lc_memory":"return {}","luac_id":"45023","real_portstates":"1"},"inventory":null},"(6,7,15)":{"fields":{"channel":"digibuilder","formspec":"size[8,9.2;]list[context;main;0,0.25;8,4;]list[current_player;main;0,4.5;8,4;]label[0,8.7;Ready!]field[4.3,9;3.2,1;digiline_channel;Digiline channel;digibuilder]button_exit[7,8.7;1,1;set_digiline_channel;Set]listring[context;main]listring[current_player;main]","infotext":"Digibuilder: Ready!","lastsetcommand":"-1267551774","message":"Ready!","owner":"singleplayer"},"inventory":{"main":["","","","","","","","","","","","","","","","","","","","","","","","","","","","","","","",""]}},"(8,6,13)":{"fields":{"display_text":"Simple setnode","infotext":"\"Simple setnode\"\n(right-click to read more text)","text":"This example sends a command to\nthe digibuilder that places (sets) a\nsingle node to the destination position"},"inventory":null}},"timers":null}}