{"(0,2,0)":{"meta":{"(0,3,2)":{"fields":{"code":"-- Shift Register D Latch (toggle D state when enabled)\n-- by So.Po.Coder for Minetest Mesecons Luacontroller\n-- A:input, B:reset, C:clock, D:output\r\rif (event.type == \"program\") then\r  mem.and1, mem.and2 = false, false\rend\r\rif (event.type == \"on\" and event.pin.name == \"C\") then\n\n  -- get first two AND gates based on clock and data\r  if (pin.c and pin.a) then\n    mem.and1 = true\n  else\n    mem.and1 = false\n  end\n  if (pin.c and not pin.a) then\n    mem.and2 = true\n  else\n    mem.and2 = false\n  end\n\n  -- SR Latch\n  if (mem.and1) then\n    port.d = true\n  end\n  if (mem.and2) then\n    port.d = false\n  end\n\rend\nif (event.type == \"on\" or event.type == \"off\") then\n  -- reset latch to low\n  if (pin.b) then\n    port.d = false\n  end\nend","formspec":"size[12,10]background[-0.2,-0.25;12.4,10.75;jeija_luac_background.png]label[0.1,8.3;]textarea[0.2,0.2;12.2,9.5;code;;-- Shift Register D Latch (toggle D state when enabled)\n-- by So.Po.Coder for Minetest Mesecons Luacontroller\n-- A:input\\, B:reset\\, C:clock\\, D:output\r\rif (event.type == \"program\") then\r  mem.and1\\, mem.and2 = false\\, false\rend\r\rif (event.type == \"on\" and event.pin.name == \"C\") then\n\n  -- get first two AND gates based on clock and data\r  if (pin.c and pin.a) then\n    mem.and1 = true\n  else\n    mem.and1 = false\n  end\n  if (pin.c and not pin.a) then\n    mem.and2 = true\n  else\n    mem.and2 = false\n  end\n\n  -- SR Latch\n  if (mem.and1) then\n    port.d = true\n  end\n  if (mem.and2) then\n    port.d = false\n  end\n\rend\nif (event.type == \"on\" or event.type == \"off\") then\n  -- reset latch to low\n  if (pin.b) then\n    port.d = false\n  end\nend]image_button[4.75,8.75;2.5,1;jeija_luac_runbutton.png;program;]image_button_exit[11.72,-0.25;0.425,0.4;jeija_close_window.png;exit;]","ignore_offevents":"return {}","lc_memory":"return {[\"b\"] = true, [\"and2\"] = false, [\"d\"] = false, [\"a\"] = false, [\"c\"] = false, [\"and1\"] = true}","luac_id":"10622","real_portstates":"1"},"inventory":null},"(11,2,6)":{"fields":{"formspec":"field[text;;${text}]","infotext":"\"Output 2\"","text":"Output 2"},"inventory":null},"(12,3,2)":{"fields":{"code":"-- Shift Register D Latch (toggle D state when enabled)\n-- by So.Po.Coder for Minetest Mesecons Luacontroller\n-- A:input, B:reset, C:clock, D:output\r\rif (event.type == \"program\") then\r  mem.and1, mem.and2 = false, false\rend\r\rif (event.type == \"on\" and event.pin.name == \"C\") then\n\n  -- get first two AND gates based on clock and data\r  if (pin.c and pin.a) then\n    mem.and1 = true\n  else\n    mem.and1 = false\n  end\n  if (pin.c and not pin.a) then\n    mem.and2 = true\n  else\n    mem.and2 = false\n  end\n\n  -- SR Latch\n  if (mem.and1) then\n    port.d = true\n  end\n  if (mem.and2) then\n    port.d = false\n  end\n\rend\nif (event.type == \"on\" or event.type == \"off\") then\n  -- reset latch to low\n  if (pin.b) then\n    port.d = false\n  end\nend","formspec":"size[12,10]background[-0.2,-0.25;12.4,10.75;jeija_luac_background.png]label[0.1,8.3;]textarea[0.2,0.2;12.2,9.5;code;;-- Shift Register D Latch (toggle D state when enabled)\n-- by So.Po.Coder for Minetest Mesecons Luacontroller\n-- A:input\\, B:reset\\, C:clock\\, D:output\r\rif (event.type == \"program\") then\r  mem.and1\\, mem.and2 = false\\, false\rend\r\rif (event.type == \"on\" and event.pin.name == \"C\") then\n\n  -- get first two AND gates based on clock and data\r  if (pin.c and pin.a) then\n    mem.and1 = true\n  else\n    mem.and1 = false\n  end\n  if (pin.c and not pin.a) then\n    mem.and2 = true\n  else\n    mem.and2 = false\n  end\n\n  -- SR Latch\n  if (mem.and1) then\n    port.d = true\n  end\n  if (mem.and2) then\n    port.d = false\n  end\n\rend\nif (event.type == \"on\" or event.type == \"off\") then\n  -- reset latch to low\n  if (pin.b) then\n    port.d = false\n  end\nend]image_button[4.75,8.75;2.5,1;jeija_luac_runbutton.png;program;]image_button_exit[11.72,-0.25;0.425,0.4;jeija_close_window.png;exit;]","ignore_offevents":"return {}","lc_memory":"return {[\"b\"] = false, [\"and2\"] = false, [\"d\"] = false, [\"a\"] = false, [\"c\"] = false, [\"and1\"] = true}","luac_id":"13428","real_portstates":"1"},"inventory":null},"(14,2,6)":{"fields":{"formspec":"field[text;;${text}]","infotext":"\"Output 1\"","text":"Output 1"},"inventory":null},"(2,2,6)":{"fields":{"formspec":"field[text;;${text}]","infotext":"\"Output 5\"","text":"Output 5"},"inventory":null},"(3,3,2)":{"fields":{"code":"-- Shift Register D Latch (toggle D state when enabled)\n-- by So.Po.Coder for Minetest Mesecons Luacontroller\n-- A:input, B:reset, C:clock, D:output\r\rif (event.type == \"program\") then\r  mem.and1, mem.and2 = false, false\rend\r\rif (event.type == \"on\" and event.pin.name == \"C\") then\n\n  -- get first two AND gates based on clock and data\r  if (pin.c and pin.a) then\n    mem.and1 = true\n  else\n    mem.and1 = false\n  end\n  if (pin.c and not pin.a) then\n    mem.and2 = true\n  else\n    mem.and2 = false\n  end\n\n  -- SR Latch\n  if (mem.and1) then\n    port.d = true\n  end\n  if (mem.and2) then\n    port.d = false\n  end\n\rend\nif (event.type == \"on\" or event.type == \"off\") then\n  -- reset latch to low\n  if (pin.b) then\n    port.d = false\n  end\nend","formspec":"size[12,10]background[-0.2,-0.25;12.4,10.75;jeija_luac_background.png]label[0.1,8.3;]textarea[0.2,0.2;12.2,9.5;code;;-- Shift Register D Latch (toggle D state when enabled)\n-- by So.Po.Coder for Minetest Mesecons Luacontroller\n-- A:input\\, B:reset\\, C:clock\\, D:output\r\rif (event.type == \"program\") then\r  mem.and1\\, mem.and2 = false\\, false\rend\r\rif (event.type == \"on\" and event.pin.name == \"C\") then\n\n  -- get first two AND gates based on clock and data\r  if (pin.c and pin.a) then\n    mem.and1 = true\n  else\n    mem.and1 = false\n  end\n  if (pin.c and not pin.a) then\n    mem.and2 = true\n  else\n    mem.and2 = false\n  end\n\n  -- SR Latch\n  if (mem.and1) then\n    port.d = true\n  end\n  if (mem.and2) then\n    port.d = false\n  end\n\rend\nif (event.type == \"on\" or event.type == \"off\") then\n  -- reset latch to low\n  if (pin.b) then\n    port.d = false\n  end\nend]image_button[4.75,8.75;2.5,1;jeija_luac_runbutton.png;program;]image_button_exit[11.72,-0.25;0.425,0.4;jeija_close_window.png;exit;]","ignore_offevents":"return {}","lc_memory":"return {[\"b\"] = false, [\"and2\"] = true, [\"d\"] = false, [\"a\"] = false, [\"c\"] = false, [\"and1\"] = false}","luac_id":"21425","real_portstates":"1"},"inventory":null},"(5,2,6)":{"fields":{"formspec":"field[text;;${text}]","infotext":"\"Output 4\"","text":"Output 4"},"inventory":null},"(6,3,2)":{"fields":{"code":"-- Shift Register D Latch (toggle D state when enabled)\n-- by So.Po.Coder for Minetest Mesecons Luacontroller\n-- A:input, B:reset, C:clock, D:output\r\rif (event.type == \"program\") then\r  mem.and1, mem.and2 = false, false\rend\r\rif (event.type == \"on\" and event.pin.name == \"C\") then\n\n  -- get first two AND gates based on clock and data\r  if (pin.c and pin.a) then\n    mem.and1 = true\n  else\n    mem.and1 = false\n  end\n  if (pin.c and not pin.a) then\n    mem.and2 = true\n  else\n    mem.and2 = false\n  end\n\n  -- SR Latch\n  if (mem.and1) then\n    port.d = true\n  end\n  if (mem.and2) then\n    port.d = false\n  end\n\rend\nif (event.type == \"on\" or event.type == \"off\") then\n  -- reset latch to low\n  if (pin.b) then\n    port.d = false\n  end\nend","formspec":"size[12,10]background[-0.2,-0.25;12.4,10.75;jeija_luac_background.png]label[0.1,8.3;]textarea[0.2,0.2;12.2,9.5;code;;-- Shift Register D Latch (toggle D state when enabled)\n-- by So.Po.Coder for Minetest Mesecons Luacontroller\n-- A:input\\, B:reset\\, C:clock\\, D:output\r\rif (event.type == \"program\") then\r  mem.and1\\, mem.and2 = false\\, false\rend\r\rif (event.type == \"on\" and event.pin.name == \"C\") then\n\n  -- get first two AND gates based on clock and data\r  if (pin.c and pin.a) then\n    mem.and1 = true\n  else\n    mem.and1 = false\n  end\n  if (pin.c and not pin.a) then\n    mem.and2 = true\n  else\n    mem.and2 = false\n  end\n\n  -- SR Latch\n  if (mem.and1) then\n    port.d = true\n  end\n  if (mem.and2) then\n    port.d = false\n  end\n\rend\nif (event.type == \"on\" or event.type == \"off\") then\n  -- reset latch to low\n  if (pin.b) then\n    port.d = false\n  end\nend]image_button[4.75,8.75;2.5,1;jeija_luac_runbutton.png;program;]image_button_exit[11.72,-0.25;0.425,0.4;jeija_close_window.png;exit;]","ignore_offevents":"return {}","lc_memory":"return {[\"b\"] = true, [\"and2\"] = false, [\"d\"] = false, [\"and1\"] = true, [\"a\"] = false, [\"c\"] = false}","luac_id":"38314","real_portstates":"1"},"inventory":null},"(8,2,6)":{"fields":{"formspec":"field[text;;${text}]","infotext":"\"Output 3\"","text":"Output 3"},"inventory":null},"(9,3,2)":{"fields":{"code":"-- Shift Register D Latch (toggle D state when enabled)\n-- by So.Po.Coder for Minetest Mesecons Luacontroller\n-- A:input, B:reset, C:clock, D:output\r\rif (event.type == \"program\") then\r  mem.and1, mem.and2 = false, false\rend\r\rif (event.type == \"on\" and event.pin.name == \"C\") then\n\n  -- get first two AND gates based on clock and data\r  if (pin.c and pin.a) then\n    mem.and1 = true\n  else\n    mem.and1 = false\n  end\n  if (pin.c and not pin.a) then\n    mem.and2 = true\n  else\n    mem.and2 = false\n  end\n\n  -- SR Latch\n  if (mem.and1) then\n    port.d = true\n  end\n  if (mem.and2) then\n    port.d = false\n  end\n\rend\nif (event.type == \"on\" or event.type == \"off\") then\n  -- reset latch to low\n  if (pin.b) then\n    port.d = false\n  end\nend","formspec":"size[12,10]background[-0.2,-0.25;12.4,10.75;jeija_luac_background.png]label[0.1,8.3;]textarea[0.2,0.2;12.2,9.5;code;;-- Shift Register D Latch (toggle D state when enabled)\n-- by So.Po.Coder for Minetest Mesecons Luacontroller\n-- A:input\\, B:reset\\, C:clock\\, D:output\r\rif (event.type == \"program\") then\r  mem.and1\\, mem.and2 = false\\, false\rend\r\rif (event.type == \"on\" and event.pin.name == \"C\") then\n\n  -- get first two AND gates based on clock and data\r  if (pin.c and pin.a) then\n    mem.and1 = true\n  else\n    mem.and1 = false\n  end\n  if (pin.c and not pin.a) then\n    mem.and2 = true\n  else\n    mem.and2 = false\n  end\n\n  -- SR Latch\n  if (mem.and1) then\n    port.d = true\n  end\n  if (mem.and2) then\n    port.d = false\n  end\n\rend\nif (event.type == \"on\" or event.type == \"off\") then\n  -- reset latch to low\n  if (pin.b) then\n    port.d = false\n  end\nend]image_button[4.75,8.75;2.5,1;jeija_luac_runbutton.png;program;]image_button_exit[11.72,-0.25;0.425,0.4;jeija_close_window.png;exit;]","ignore_offevents":"return {}","lc_memory":"return {[\"b\"] = true, [\"and2\"] = true, [\"d\"] = false, [\"a\"] = false, [\"c\"] = false, [\"and1\"] = false}","luac_id":"16313","real_portstates":"1"},"inventory":null}},"timers":null},"(1,2,0)":{"meta":{"(0,3,1)":{"fields":{"input1":"0","input2":"0"},"inventory":null},"(3,2,0)":{"fields":{"formspec":"field[text;;${text}]","infotext":"\"Clock In\"","text":"Clock In"},"inventory":null},"(3,2,2)":{"fields":{"formspec":"field[text;;${text}]","infotext":"\"RI (register in)\"","text":"RI (register in)"},"inventory":null},"(3,2,4)":{"fields":{"formspec":"field[text;;${text}]","infotext":"\"Reset\"","text":"Reset"},"inventory":null},"(3,3,1)":{"fields":{"formspec":"field[text;;${text}]","infotext":"\"8 Bit Shift Register\"","text":"8 Bit Shift Register"},"inventory":null},"(7,1,0)":{"fields":{"formspec":"field[text;;${text}]","infotext":"\"Out\"","text":"Out"},"inventory":null},"(7,1,2)":{"fields":{"formspec":"field[text;;${text}]","infotext":"\"In\"","text":"In"},"inventory":null},"(7,1,4)":{"fields":{"formspec":"field[text;;${text}]","infotext":"\"Serial Input\"","text":"Serial Input"},"inventory":null}},"timers":null},"(2,2,0)":{"meta":{"(12,1,0)":{"fields":{"formspec":"field[text;;${text}]","infotext":"\"Address 2\"","text":"Address 2"},"inventory":null},"(12,1,1)":{"fields":{"formspec":"field[text;;${text}]","infotext":"\"Address 1\"","text":"Address 1"},"inventory":null},"(12,1,2)":{"fields":{"formspec":"field[text;;${text}]","infotext":"\"Address 0\"","text":"Address 0"},"inventory":null},"(13,1,4)":{"fields":{"formspec":"field[text;;${text}]","infotext":"\"3:8 Bit Decoder v.3\"","text":"3:8 Bit Decoder v.3"},"inventory":null},"(14,1,0)":{"fields":{"infotext":"FPGA (functional)","instr":" _BD/ ~B0/0&CA////////////","portstates":"0000","valid":"1"},"inventory":null},"(14,1,1)":{"fields":{"infotext":"FPGA (functional)","instr":" _BD/B&CA/////////////","portstates":"0010","valid":"1"},"inventory":null},"(14,1,2)":{"fields":{"infotext":"FPGA (functional)","instr":" _BD/ ~B0/0&CA////////////","portstates":"0010","valid":"1"},"inventory":null},"(14,1,5)":{"fields":{"formspec":"field[text;;${text}]","infotext":"\"1 column\"","text":"1 column"},"inventory":null},"(15,1,0)":{"fields":{"infotext":"FPGA (functional)","instr":" _BD/ ~C0/B&0A////////////","portstates":"0000","valid":"1"},"inventory":null},"(15,1,1)":{"fields":{"infotext":"FPGA (functional)","instr":" _BD/ ~B0/ ~C1/0&1A///////////","portstates":"0000","valid":"1"},"inventory":null},"(15,1,2)":{"fields":{"infotext":"FPGA (functional)","instr":" _BD/ ~B0/ ~C1/0&1A///////////","portstates":"0000","valid":"1"},"inventory":null},"(15,1,5)":{"fields":{"formspec":"field[text;;${text}]","infotext":"\"2 column\"","text":"2 column"},"inventory":null},"(3,1,0)":{"fields":{"formspec":"field[text;;${text}]","infotext":"\"Address 2\"","text":"Address 2"},"inventory":null},"(3,1,1)":{"fields":{"formspec":"field[text;;${text}]","infotext":"\"Address 1\"","text":"Address 1"},"inventory":null},"(3,1,2)":{"fields":{"formspec":"field[text;;${text}]","infotext":"\"Address 0\"","text":"Address 0"},"inventory":null},"(4,1,4)":{"fields":{"formspec":"field[text;;${text}]","infotext":"\"3:8 Bit Decoder v.4\"","text":"3:8 Bit Decoder v.4"},"inventory":null},"(5,1,1)":{"fields":{"code":"if (event.type == \"digiline\" and event.channel == \"display\") then\n\n  b = (event.msg == 0) and true or false\n  a = (event.msg == 1) and true or false\n  d = (event.msg == 2) and true or false\n  port = {b=b, a=a, d=d}\n\nend","formspec":"size[12,10]background[-0.2,-0.25;12.4,10.75;jeija_luac_background.png]label[0.1,8.3;]textarea[0.2,0.2;12.2,9.5;code;;if (event.type == \"digiline\" and event.channel == \"display\") then\n\n  b = (event.msg == 0) and true or false\n  a = (event.msg == 1) and true or false\n  d = (event.msg == 2) and true or false\n  port = {b=b\\, a=a\\, d=d}\n\nend]image_button[4.75,8.75;2.5,1;jeija_luac_runbutton.png;program;]image_button_exit[11.72,-0.25;0.425,0.4;jeija_close_window.png;exit;]","ignore_offevents":"return {[\"A\"] = true, [\"B\"] = true}","lc_memory":"return {}","luac_id":"39285","real_portstates":"1"},"inventory":null},"(6,1,3)":{"fields":{"code":"if (event.type == \"on\" or event.type == \"off\") then\n  input = {}\n  input1 = pin.a and 1 or 0\n  input2 = pin.b and 1 or 0\n  input3 = pin.c and 1 or 0\n  table.insert(input, input3)\n  table.insert(input, input2)\n  table.insert(input, input1)\n  input_number = tonumber(table.concat(input), 2)\n  digiline_send(\"display\", input_number)\nend","formspec":"size[12,10]background[-0.2,-0.25;12.4,10.75;jeija_luac_background.png]label[0.1,8.3;]textarea[0.2,0.2;12.2,9.5;code;;if (event.type == \"on\" or event.type == \"off\") then\n  input = {}\n  input1 = pin.a and 1 or 0\n  input2 = pin.b and 1 or 0\n  input3 = pin.c and 1 or 0\n  table.insert(input\\, input3)\n  table.insert(input\\, input2)\n  table.insert(input\\, input1)\n  input_number = tonumber(table.concat(input)\\, 2)\n  digiline_send(\"display\"\\, input_number)\nend]image_button[4.75,8.75;2.5,1;jeija_luac_runbutton.png;program;]image_button_exit[11.72,-0.25;0.425,0.4;jeija_close_window.png;exit;]","ignore_offevents":"return {}","lc_memory":"return {[\"input\"] = {0, 0, 0, 0, 0, 0, 0, 0, 0, 0, 0, 0, 0, 0, 0, 0, 0, 0, 0, 0, 0, 0, 0, 0, 0, 0, 0, 0, 0, 0, 0, 0, 0, 0, 0, 0, 0, 0, 0, 0, 0, 0, 0, 0, 0, 0, 0, 0, 0, 0, 0, 0, 0, 0, 0, 0, 0, 0, 0, 0, 0, 0, 0, 0, 0, 0, 0, 0, 0, 0, 0, 0, 0, 0, 0, 0, 0, 0, 0, 0, 0, 0, 0, 0, 0, 0, 0, 0, 0, 0, 0, 0, 0, 0, 0, 0, 0, 0, 0, 0, 0, 0, 0, 0, 0, 0, 0, 0, 0, 0, 0, 0, 0, 0, 0, 0, 0, 0, 0, 0, 0, 0, 0, 0, 0, 0, 0, 0, 0, 0, 0, 0, 0, 0, 0, 0, 0, 0, 0, 0, 0, 0, 0, 0, 0, 0, 0, 0, 0, 0, 0, 0, 0, 0, 0, 0, 0, 0, 0, 0, 0, 0, 0, 0, 0, 0, 0, 0, 0, 0, 0, 0, 0, 0, 0, 0, 0, 0, 0, 0, 0, 0, 0, 0, 0, 0, 0, 0, 0, 0, 0, 0, 0, 0, 0, 0, 0, 0, 0, 0, 0, 0, 0, 0, 0, 0, 0, 0, 0, 0, 0, 0, 0, 0, 0, 0, 0, 0, 0, 0, 0, 0, 0, 0, 0, 0, 0, 0, 0, 0, 0, 0, 0, 0, 0, 0, 0, 0, 0, 0, 0, 0, 0, 0, 0, 0, 0, 0, 0, 0, 0, 0, 0, 0, 0, 0, 0, 0, 0, 0, 0, 0, 0, 0, 0, 0, 0, 0, 0, 0, 0, 0, 0, 0, 0, 0, 0, 0, 0, 0, 0, 0, 0, 0, 0, 0, 0, 0, 0, 0, 0, 0, 0, 0, 0, 0, 0, 0, 0, 0, 0, 0, 0, 0, 0, 0, 0, 0}}","luac_id":"15108","real_portstates":"1"},"inventory":null},"(6,1,5)":{"fields":{"formspec":"field[text;;${text}]","infotext":"\"2\"","text":"2"},"inventory":null},"(7,1,5)":{"fields":{"formspec":"field[text;;${text}]","infotext":"\"4\"","text":"4"},"inventory":null},"(8,1,5)":{"fields":{"formspec":"field[text;;${text}]","infotext":"\"8\"","text":"8"},"inventory":null}},"timers":null},"(3,2,0)":{"meta":{"(0,1,5)":{"fields":{"formspec":"field[text;;${text}]","infotext":"\"4 column\"","text":"4 column"},"inventory":null},"(10,1,0)":{"fields":{"infotext":"FPGA (functional)","instr":" _BD/B&CA/////////////","portstates":"0010","valid":"1"},"inventory":null},"(11,1,4)":{"fields":{"infotext":"FPGA (functional)","instr":" _AC/ ~AD/////////////","portstates":"0000","valid":"1"},"inventory":null},"(5,1,0)":{"fields":{"formspec":"field[text;;${text}]","infotext":"\"Address 3\"","text":"Address 3"},"inventory":null},"(5,1,1)":{"fields":{"formspec":"field[text;;${text}]","infotext":"\"Address 2\"","text":"Address 2"},"inventory":null},"(5,1,2)":{"fields":{"formspec":"field[text;;${text}]","infotext":"\"Address 1\"","text":"Address 1"},"inventory":null},"(6,1,3)":{"fields":{"formspec":"field[text;;${text}]","infotext":"\"3:8 Bit Decoder v.2\"","text":"3:8 Bit Decoder v.2"},"inventory":null},"(7,1,0)":{"fields":{"infotext":"FPGA (functional)","instr":" _BD/B&CA/////////////","portstates":"0100","valid":"1"},"inventory":null},"(7,1,1)":{"fields":{"infotext":"FPGA (functional)","instr":" _BD/B&CA/////////////","portstates":"0100","valid":"1"},"inventory":null},"(7,1,2)":{"fields":{"infotext":"FPGA (functional)","instr":" _BD/B&CA/////////////","portstates":"0110","valid":"1"},"inventory":null},"(7,1,6)":{"fields":{"infotext":"FPGA (functional)","instr":" _AC/ ~AD/////////////","portstates":"0000","valid":"1"},"inventory":null},"(9,1,1)":{"fields":{"infotext":"FPGA (functional)","instr":" _BD/B&CA/////////////","portstates":"0100","valid":"1"},"inventory":null},"(9,1,2)":{"fields":{"infotext":"FPGA (functional)","instr":" _BD/B&CA/////////////","portstates":"0110","valid":"1"},"inventory":null},"(9,1,5)":{"fields":{"infotext":"FPGA (functional)","instr":" _AC/ ~AD/////////////","portstates":"0000","valid":"1"},"inventory":null}},"timers":null},"(4,2,0)":{"meta":{"(10,1,0)":{"fields":{"input1":"1","input2":"0"},"inventory":null},"(10,1,5)":{"fields":{"input1":"1","input2":"0"},"inventory":null},"(13,1,0)":{"fields":{"input1":"0","input2":"1"},"inventory":null},"(13,1,5)":{"fields":{"input1":"0","input2":"1"},"inventory":null},"(4,1,0)":{"fields":{"formspec":"field[text;;${text}]","infotext":"\"2 column\"","text":"2 column"},"inventory":null},"(4,1,3)":{"fields":{"formspec":"field[text;;${text}]","infotext":"\"4 column\"","text":"4 column"},"inventory":null},"(4,1,5)":{"fields":{"formspec":"field[text;;${text}]","infotext":"\"8 column\"","text":"8 column"},"inventory":null},"(7,1,0)":{"fields":{"input1":"1","input2":"1"},"inventory":null},"(7,1,5)":{"fields":{"input1":"1","input2":"1"},"inventory":null}},"timers":null}}